36161.80078,205746.4063,106,1
36165.01055,205756.9063,105.9,1
36167.06055,205759.2251,105.3,1
36171.46055,205777.9547,104.3,1
36177.01055,205817.2641,102.9,1
36193.64062,205819.6032,101,1
36207.70039,205833.8719,99,1
36228.09023,205838.411,96.4,1
36252.05,205868.011,93.2,1
36273.88008,205888.4407,89.5,1
36307.88008,205889.3907,85.3,1
36337.14023,205895.7203,80.7,1
36373.35,205896.6703,76.2,1
36403.88984,205915.75,71.8,1
36421.17969,205893.35,67.7,1
36422.79961,205898.2203,64.4,1
36403.22969,205895.7406,61.7,1
36374.15977,205900.7406,60.3,1
36324.70977,205912.2406,60.3,1
36278.03945,205894.9406,61.6,1
36217.03945,205910.7203,64,1
36150.4793,205901.0906,67.4,1
36082.10938,205913.7016,71.4,1
36012.05938,205911.8516,75.8,1
35963.70938,205890.7813,80.4,1
35919.8793,205898.4406,84.7,1
35901.44922,205888.5406,88.3,1
35889.06914,205908.8313,91.3,1
35887.71914,205893.9906,93.5,1
35890.50938,205888.161,94.8,1
35890.3293,205884.5813,95.6,1
35900.68945,205882.3406,95.9,1
35907.48945,205901.561,96.1,1
35914.81953,205873.861,96.1,1
35922.61953,205882.7219,95.9,1
35922.47969,205878.3625,95.5,1
35931.05,205888.3828,95.1,1
35934.35,205902.2125,94.4,1
35951.29023,205876.9922,93.6,1
35969.01016,205889.3219,92.5,1
35988.84023,205882.7906,91,1
36014.85039,205893.6813,89.3,1
36035.21055,205900.4906,87.4,1
36072.10039,205892.261,85.2,1
36099.87031,205906.8703,82.7,1
36137.56016,205901.85,80.1,1
36166.68008,205924.4,77.4,1
36183.25,205901.1297,75.2,1
36185.28008,205904.7,73.3,1
36161.64023,205914.8703,72.6,1
36129.32031,205908.0016,73,1
36077.65,205935.561,74.7,1
36019.76992,205913.5406,77.3,1
35956.76992,205920.7906,80.9,1
35881.34023,205911.55,85.3,1
35811.63008,205918.45,90.4,1
35737.81016,205928.25,96.1,1
35684.71016,205911.7406,101.4,1
35645.06016,205918.6406,106.5,1
35619.56992,205910.7,110.7,1
35615.73984,205924.4391,114,1
35609.1,205923.6297,116.3,1
35622.06016,205899.5,117.9,1
35626.64023,205903.7391,118.9,1
35639.75,205894.9203,119.4,1
35650.44023,205914.7406,119.4,1
35656.29023,205901.5703,119,1
35664.04023,205903.9,118.5,1
35664.23008,205912.45,117.7,1
35675.79023,205897.3297,116.6,1
35683.33008,205916.8094,115.5,1
35696.16992,205892.2891,113.7,1
35716.50977,205897.4094,111.4,1
35732.52969,205895.4797,108.8,1
35759.63984,205908.0485,105.8,1
35782.73984,205914.3281,102.4,1
35816.56953,205897.3578,98.6,1
35851.24961,205902.8281,94.5,1
35881.63945,205888.8281,90.3,1
35922.58945,205906.1485,86.1,1
35946.00938,205910.2485,81.5,1
35985.79961,205892.7375,77.1,1
36003.09961,205911.5172,73.1,1
36003.91992,205901.0875,70,1
35979.4,205915.6188,68.2,1
35924.66992,205911.6297,68,1
35853.56992,205896.85,69.6,1
35773.93984,205901.9297,72.88757507,1
35699.38984,205897.4891,77.58841665,1
35608.84961,205920.4094,83.54150196,1
35529.89961,205900.1,90.699094,1
35441.80938,205916.2906,98.82674161,1
35360.54922,205913.3906,107.4032794,1
35301.52891,205930.9906,115.7208277,1
35259.7086,205919.4,123.4847928,1
35246.89844,205901.6594,130.3138665,1
35246.89844,205919.0797,135.9400269,1
35246.89844,205919.0797,140.4209622,1
35246.89844,205931.5109,143.8895304,1
35246.89844,205940.9109,146.4785896,1
35213.03867,205924.6906,148.3209975,1
35179.27891,205922.15,149.5933499,1
35142.52891,205909.0297,150.5168122,1
35111.70899,205920.05,150.8992638,1
35078.1793,205935.6203,150.7352988,1
35056.71953,205924.5,150.206225,1
35035.77969,205927.2094,149.1800647,1
35018.33984,205914.6188,147.7115543,1
35008.56992,205939.7078,145.8421444,1
34995.56016,205913.3078,143.7,1
35029.66016,205915.1985,141.2,1
35063.46016,205920.7485,138.2,1
35105.88047,205928.2781,134.7,1
35144.50039,205945.6172,131,1
35188.46016,205923.9766,126.9,1
35230.41016,205935.3266,122.5,1
35261.76016,205930.5672,118.3,1
35289.42031,205943.1875,114.3,1
35279.88047,205949.6172,111,1
35262.12031,205937.5875,108.7,1
35214.71016,205954.6266,107.9,1
35150.84023,205944.3266,108.9,1
35074.46016,205959.6079,111.3,1
34988.47031,205951.0579,114.8,1
34905.56055,205947.5079,119.6,1
34809.14062,205949.0875,125.5,1
34726.1707,205941.6782,131.9,1
34647.84062,205959.4688,138.6,1
34598.45039,205936.0391,145.2,1
34572.61055,205931.4579,151.1,1
34560.99062,205931.3485,155.8,1
34568.41055,205929.6985,159.5,1
34582.54062,205944.1282,161.9,1
34600.48047,205918.7391,163.7,1
34619.88047,205920.2797,164.8,1
34637.02031,205911,165.1,1
34661.52031,205919.6688,165.1,1
34674.92031,205930.8391,164.7,1
34701.11055,205920.4,163.8,1
34721.09062,205930.661,162.6,1
34742.98047,205924.1203,160.9,1
34767.55039,205935.2313,158.5,1
34795.70039,205936.0016,155.9,1
34840.35039,205925.8313,152.7,1
34876.50039,205938.8516,148.9,1
34925.41055,205928.2016,144.8,1
34969.10039,205944.9125,140,1
35019.95039,205921.0125,135,1
35069.96016,205915.9219,129.7,1
35113.08984,205920.8516,124,1
35157.1,205908.2016,118.5,1
35183.16992,205931.7407,113.4,1
35184.31992,205908.1094,109.3,1
35161.21016,205914.2391,106.6,1
35113.95,205901.5078,105.5,1
35056.07969,205915.8282,105.9,1
34978.78984,205919.6078,108.1,1
34903.81992,205906.1375,111.6,1
34819.16992,205912.4875,116.1,1
34731.66016,205899.3172,121.8,1
34649.33008,205924.4078,128.1,1
34578.12031,205918.6188,134.5,1
34541.12031,205901.1891,140.4,1
34515.09023,205917.9688,145.3,1
34518.78008,205911.2891,149.2,1
34527.46016,205937.1297,152.1,1
34544.61016,205925.9891,153.9,1
34564.93984,205919.7188,154.6,1
34580.38008,205929.1688,154.8,1
34605.28008,205932.9297,154.4,1
34626.41016,205952.5297,153.6,1
34647.33984,205930.4297,152.3,1
34670.21953,205933.85,150.5,1
34688.05938,205925.711,148.6,1
34713.68945,205931.4016,146.1,1
34736.71953,205934.0703,143,1
34775.90938,205919.9313,139.3,1
34816.91953,205925.4906,135.3,1
34860.40938,205916.3109,130.9,1
34909.80938,205922.9,126,1
34952.96953,205916.7,120.6,1
35012.16953,205900.2391,115,1
35057.59961,205910.4297,109.3,1
35114.38984,205893.7797,103.3,1
35165.10977,205921.8594,97.3,1
35213.34961,205903.6797,91.3,1
35255.96953,205895.2391,85.5,1
35274.87969,205902.7594,80.4,1
35278.73984,205897.5297,76.4,1
35251.52969,205920.2703,74.1,1
35205.94961,205894.9297,73.5,1
35144.26992,205902.161,74.6,1
35065.68984,205903.4297,77.2,1
34984.58984,205920.0688,81.1,1
34893.16016,205930.6891,86.3,1
34809.77031,205914.15,92.4,1
34728.17031,205927.8,99,1
34662.45,205926.2407,105.5617479,1
34612.50977,205935.6094,111.5782796,1
34582.12969,205937.6688,116.5378778,1
34574.33945,205923.1688,120.5240713,1
34568.56914,205916.6375,123.4156352,1
34578.81914,205899.9875,125.3865911,1
34585.72891,205883.0375,126.506207,1
34597.0086,205835.1766,126.9389972,1
34603.89844,205827.2454,126.9447225,1
34603.89844,205809.675,126.6783899,1
34603.89844,205794.8641,126.128505,1
34603.89844,205818.5141,125.2475316,1
34629.6586,205794.6751,123.9879334,1
34673.19883,205800.4954,122.30174,1
34713.40899,205812.2954,120.1101761,1
34763.23906,205823.1266,117.3392202,1
34817.06914,205871.5375,114.2196043,1
34876.19922,205884.2688,110.586814,1
34946.78945,205900.7797,106.4810888,1
35014.22969,205914.2297,101.9474214,1
35097.68984,205935.8297,96.93555838,1
35172.33008,205928.961,91.7,1
35234.61992,205916.4203,86.2,1
35285.23984,205924.6703,80.6,1
35339.95,205921.8313,75,1
35393.86992,205938.2406,69.4,1
35440.78984,205917.861,63.7,1
35493.08008,205908.611,58.2,1
35529.08984,205908.9313,52.8,1
35557.79961,205895.7922,48,1
35555.09961,205916.8531,44,1
35532.56953,205899.4422,41.4,1
35492.22969,205901.3422,40.3,1
35428.30977,205900.7328,40.9,1
35361.83945,205903.1625,43.1,1
35282.70977,205922.5625,46.9,1
35207.70977,205905.5625,51.8,1
35130.03945,205917.3313,57.5,1
35052.54961,205915.9313,64.2,1
35002.65977,205938.3203,70.9,1
34958.38984,205935.3297,77.5,1
34954.81992,205924.9297,83.2,1
34958.18008,205933.2891,88,1
34974.35,205923.6594,91.9,1
34995.67031,205940.6188,94.6,1
35015.44023,205927.4688,96.3,1
35042.20039,205918.0282,97.5,1
35059.91055,205926.2891,98.4,1
35086.8207,205917.8391,98.7,1
35103.30078,205930.7094,98.7,1
35125.69062,205915.3703,98.3,1
35152.80039,205917.661,97.7,1
35175.41016,205917.6313,97,1
35211.27031,205926.3203,95.4,1
35247.77031,205938.1516,93.5,1
35293.14023,205914.3813,91.3,1
35342.67031,205924.7313,88.5,1
35389.48047,205906.1407,85.2,1
35448.70039,205914.75,81.4,1
35493.53047,205925.7406,77.4,1
35555.70039,205904.0203,73.3,1
35605.54062,205914.0094,69,1
35657.3707,205902.8891,64.3,1
35707.9707,205919.1094,59.7,1
35754.49062,205910.1485,55,1
35810.35078,205902.1188,50.1,1
35853.06055,205913.3188,45.4,1
35905.02031,205906.2094,40.6,1
35939.53008,205931.1797,36.2,1
35963.43008,205905.4797,32.2,1
35967.74023,205903.6391,29.2,1
35943.36016,205904.1891,27.4,1
35907.59023,205915.2203,27.2,1
35855.9,205926.4,28.5,1
35798.98008,205907.0406,31.2,1
35735.73008,205915.3203,35.2,1
35667.39023,205908.5297,39.9,1
35607.26016,205927.2,45.4,1
35541.14023,205927.3094,51.2,1
35506.21016,205917.9297,57.3,1
35483.2,205931.1203,62.7,1
35482.78984,205916.9813,67.3,1
35496.32969,205932.05,70.7,1
35515.76992,205926.25,73.2,1
35548.00977,205915.95,74.9,1
35570.34961,205924.7906,75.9,1
35602.08945,205913.5516,76.3,1
35623.49961,205935.8516,76.3,1
35650.00977,205914.6016,76.2,1
35676.48984,205906.9516,75.6,1
35697.41992,205912.3016,74.9,1
35726.66992,205917.2813,73.7,1
35757.53984,205928.8422,72.2,1
35794.34961,205911.0125,70.4,1
35835.95977,205922.7516,68,1
35878.01992,205911.611,65,1
35931.06016,205919.4,61.7,1
35974.84023,205919.9297,58.2,1
36033.5,205909.75,54.2,1
36085.1,205917.8391,50.1,1
36136.98008,205901.1391,45.8,1
36188.34023,205915.7797,41.5,1
36236.09023,205912.0797,37.3,1
36293.85039,205898.05,32.8,1
36338.21016,205902.1313,28.3,1
36392,205894.011,23.8,1
36435.33984,205919.6016,45,1
36485.18984,205904.6313,66.1,1
36528.68008,205895.9016,87.5,1
36555.58008,205900.8313,109.3,1
36571.76016,205906.8813,132.1,1
36581.79023,205918.9203,155.5185262,1
36591.23047,205896.8406,178.6034517,1
36587.38047,205907.2297,200.9300101,1
36584.64062,205901.8391,222.0007952,1
36575.4207,205914.2797,241.4457611,1
36562.23086,205887.7797,233.3222224,1
36548.43086,205875.4297,223.1148537,1
36527.48086,205886.9094,210.6356903,1
36517.30078,205882.05,195.8241274,1
36517.30078,205885.3797,178.4469209,1
36517.30078,205859.5,159.2796606,1
36517.30078,205842.4297,139.5959497,1
36490.18086,205846.1297,120.6693913,1
36464.63086,205840.1391,103.5986062,1
36437.74062,205860.1297,88.75364026,1
36407.10039,205868.6594,76.277179,1
36384.43047,205859.3,66.38454764,1
36358.28047,205866.45,58.86371109,1
36338.24023,205857.7297,53.67527393,1
36321.38008,205890.7891,50.45248045,1
36304.91992,205895.2594,48.50121459,1
36299.40977,205897.2094,47.5,1
36316.13945,205896.7297,46.7,1
36344.1293,205902.8,45.4,1
36369.11953,205913.3891,43.7,1
36410.04961,205901.2094,41.6,1
36447.09961,205904.2781,39.3,1
36487.52969,205886.6985,36.8,1
36528.45977,205902.3281,34,1
36564.60977,205893.0094,31,1
36613.36992,205881.4094,28,1
36650.56992,205895.7188,24.8,1
36697.76016,205878.6688,21.5,1
36732.18008,205896.6188,18.6,1
36760.3,205872.6485,15.6,1
36767.51016,205865.1391,13.3,1
36750.1,205880.8703,11.6,1
36722.70977,205884.3,10.9,1
36678.65977,205908.6313,11.5,1
36626.8,205893.0907,13.2,1
36570.18008,205900.7703,16.1,1
36505.58008,205893.9313,20,1
36447.03984,205900.4922,24.6,1
36385.58008,205912.1828,29.1,1
36346.45,205906.8235,33.9,1
36322.38008,205914.1922,38.3,1
36316.86992,205899.8313,42.1,1
36327.68008,205919.5313,45.1,1
36342.29023,205917.261,47.2,1
36374.5,205895.0406,48.5,1
36395.25977,205902.7,49,1
36426.31992,205895.4094,49.1,1
36450.7,205923.6094,48.7,1
36473.38008,205905.5485,48.2,1
36492.7,205897.8688,47.7,1
36505.6,205904.5188,47.2,1
36528.96016,205904.1985,46.7,1
36549.16016,205916.9282,45.8,1
36574.81992,205889.0985,44.6,1
36606.36992,205900.8282,43.1,1
36636.08008,205888.6391,41.4,1
36675.73008,205897.1485,39.2,1
36709.23008,205899.1375,36.8,1
36755.73008,205883.6688,34.3,1
36800.30039,205889.4688,31.5,1
36843.24023,205881.2391,28.6,1
36888.48008,205888.5891,25.5,1
36926.23008,205888.4094,22.4,1
36976.27031,205871.0891,19.2,1
37005.24023,205882.2,16.1,1
37025.72031,205880.1297,13.3,1
37016.49023,205898.3406,11.2,1
36978.83047,205893.8406,10.4,1
36918.79023,205892.6,11.1,1
36835.69023,205897.8594,13.5,1
36750.37031,205891.8094,17.1,1
36650.91055,205923.9,21.8,1
36549.48047,205906.8203,27.6,1
36448.02031,205915.2703,34.3,1
36347.08047,205905.9094,41.3,1
36270.84023,205913.0094,48.5,1
36210.74023,205923.1891,55.4,1
36187.86016,205905.8688,61.5,1
36182.88008,205917.2688,66.5,1
36184.96992,205908.9985,70.2,1
36199.97969,205931.5594,73,1
36206.23945,205930.5594,75.2,1
36227.84961,205912.6594,76.8,1
36237.11953,205923.3188,77.9,1
36254.00938,205913.8391,79,1
36264.91953,205933.8391,79.6,1
36273.38945,205921.4391,80,1
36285.13945,205910.8297,80.2,1
36294.09961,205907.4703,79.8,1
36320.94961,205895.7906,79.4,1
36345.00977,205915.7406,78.4,1
36377.9,205882.4703,76.9,1
36418.65,205884.0297,75.2,1
36455.3,205879.6797,72.9,1
36500.35,205893.5297,70.2,1
36541.28984,205901.3891,67.3,1
36592.68008,205881.6391,64.1,1
36642.78984,205887.0188,60.6,1
36687.35,205880.5485,57.2,1
36738.68984,205900.5188,53.5,1
36769.95977,205895.5375,50.1,1
36802.22969,205883.0578,47.1,1
36796.07969,205894.6781,44.9,1
36769.10977,205887.2985,44.3,1
36714.91992,205904.6781,45.1,1
36659.65,205891.9281,47.26663217,1
36598.28984,205892.2375,50.67203255,1
36527.8,205905.4485,55.19605455,1
36461.68984,205900.7985,60.72626898,1
36380.5,205888.0188,67.05796402,1
36313.18008,205853.7797,73.99414523,1
36248.13008,205858.2,81.14553554,1
36204.66992,205846.6203,87.93057528,1
36187,205847.2906,93.77542215,1
36187,205817.9516,98.61395123,1
36187,205793.6625,102.5211228,1
36187,205795.5437,105.5741107,1
36172.28008,205787.3125,107.8500887,1
36169.8,205797.6828,109.5198743,1
36154.25,205838.6219,110.9881792,1
36150.63008,205833.6219,112.151998,1
36149.29023,205843.861,112.8006077,1
36148.13008,205843.25,113.215568,1
36156.21016,205874.4203,113.1707211,1
36161.58008,205903.7797,112.832192,1
36178.73008,205901.6891,112.1583883,1
36196.88008,205915.1485,111.2,1
36236.88008,205906.3688,109.9,1
36271.27031,205929.8875,108.3,1
36315.12031,205906.6078,106,1
36364.00039,205911.3578,103.2,1
36406.03008,205911.8985,100.3,1
36456.83008,205916.5094,97,1
36500.91016,205922.1094,93.6,1
36551.02031,205898.75,89.8,1
36600.68047,205908.811,85.9,1
36640.70039,205900.4406,82,1
36676.83047,205911.5906,78.3,1
36673.87031,205918.6813,74.9,1
36660.85039,205899.6719,72.6,1
36610.90039,205915.9516,71.7,1
36547.84062,205911.8422,72.4,1
36469.83086,205933.9719,74.6,1
36380.13086,205928.811,78.2,1
36294.04062,205925.85,83.1,1
36195.12031,205930.9594,88.8,1
36111.15039,205919.0391,95.3,1
36031.68008,205938.2891,102.2,1
35980.11992,205912.5297,109.1,1
35958.20977,205914.7297,115.3,1
35951.97969,205911.8797,120.4,1
35966.86953,205911.5985,124.3,1
35985.58945,205925.5688,127.4,1
36010.36914,205900.3297,129.5,1
36035.64922,205911.461,130.9,1
36055.16953,205908.661,131.8,1
36083.11953,205922.361,132.1,1
36093.08984,205927.6016,132.1,1
36120.56992,205910.4906,131.9,1
36137.28984,205927.1,131.4,1
36157.88984,205908.5203,130.6,1
36182.76992,205918.2516,129.6,1
36209.63008,205903.1516,127.8,1
36251.56016,205891.6313,125.5,1
36287.89023,205896.7406,122.8,1
36337.68008,205880.5813,120,1
36378.69023,205899.0516,116.9,1
36427.26016,205883.511,113.3,1
36478.10039,205880.7516,109.5,1
36521.41055,205878.3125,105.4,1
36572.74062,205887.6125,101.2,1
36617.64062,205903.0422,96.6,1
36664.54062,205889.2813,92,1
36700.71055,205899.7016,88,1
36711.58047,205892.0219,84.2,1
36704.40039,205901.7719,81.2,1
36656.53008,205915.9219,79.5,1
36600.98008,205894.4719,79.6,1
36519.1,205916.0922,81.2,1
36430.13008,205908.5422,84.5,1
36333.71992,205927.6625,88.9,1
36232.93984,205925.3422,94.4,1
36141.33984,205914.2422,100.7,1
36047.36992,205922.8516,107.2,1
35983.75,205909.261,114,1
35937.61992,205943.261,120.3,1
35923.73008,205920.1313,125.4,1
35931,205924.1219,129.6,1
35942.78008,205915.661,132.8,1
35965.78984,205914.4406,134.7,1
35986.96992,205933.6094,136.2,1
36010,205914.8797,137,1
36030.9,205915.8797,137.4,1
36048.75,205900.6594,137.5,1
36074.33984,205911.85,137.1,1
36087.28984,205908.3594,136.5,1
36115.43984,205886.9688,135.8,1
36140.65977,205893.9985,134.4,1
36173.12969,205891.7094,132.5,1
36210.68984,205902.8485,130.1,1
36250.96992,205893.1188,127.1,1
36305.58984,205872.7078,123.7,1
36352.46953,205886.8782,119.8,1
36409.94961,205889.2188,115.4,1
36457.98984,205909.0485,111,1
36513.46016,205896.3282,106.1,1
36568.41016,205893.5985,101.1,1
36616.76016,205891.4578,95.9,1
36671.01992,205889.3078,90.4,1
36717.18984,205905.3282,85.2,1
36751.57969,205883.9782,80.4,1
36763.13984,205903.3094,76.3,1
36743.76016,205889.7797,73.5,1
36707.33008,205891.0891,72.3,1
36643.18984,205902.6188,72.5,1
36578.61953,205877.3188,74.09074003,1
36501.85938,205889.3297,76.78448753,1
36423.8293,205883.1797,80.51715864,1
36339.2293,205894.5297,85.24831813,1
36255.79922,205876.5407,90.56117945,1
36183.08906,205880.8516,95.96260472,1
36120.09883,205886.8516,101.1831047,1
36086.92852,205900.4922,105.6768389,1
36064.39844,205913.6032,109.0216153,1
36064.39844,205888.4641,111.3188908,1
36064.39844,205907.5251,112.8030308,1
36064.39844,205912.6547,113.7105219,1
36077.38867,205910.036,114.2778508,1
36090.24883,205923.875,114.6466913,1
36101.18906,205915.9641,114.73383,1
36122.16914,205906.9735,114.8324047,1
36138.01914,205900.8422,114.8119048,1
36165.30938,205894.761,114.5181706,1
36188.79961,205916.661,114.0733941,1
36223.55977,205901.8203,113.3761186,1
36264.35,205894.75,112.5012386,1
36305.14023,205887.0703,111.2,1
36339.14023,205907.0594,109.6,1
36374.33008,205911.4203,107.4,1
36423.43008,205898.6907,105.1,1
36462.13008,205904.1203,102.5,1
36511.07031,205892.611,99.4,1
36544.60039,205907.0516,96.2,1
36565.29023,205887.161,93.2,1
36564.68008,205884.5813,90.7,1
36532.93008,205885.1703,89.1,1
36488.13008,205878.35,88.8,1
36427.48984,205900.25,89.7,1
36358.68008,205882.2094,92,1
36285.31992,205891.3391,95.2,1
36206.53008,205889.75,99,1
36135.5,205901.1594,103.7,1
36066.81992,205919.1594,108.8,1
36027.4,205903.2094,113.7,1
36004.53008,205911.7594,118.4,1
36005.45,205907.9797,122.2,1
36023.38984,205921.7797,125.1,1
36044.91992,205918.85,127,1
36081.66992,205894.4797,127.9,1
36106.88984,205907.8906,128,1
36140.53984,205892.1406,127.7,1
36165.1,205911.411,127,1
36191.15977,205888.5516,126.1,1
36214.86992,205878.961,125.1,1
36232.36016,205888.4703,123.7,1
36258.52031,205880.961,122.1,1
36286.59023,205908.6203,120.2,1
36321.45039,205886.6703,117.8,1
36361.98047,205898.4,115.2,1
36403.51055,205884.2594,112.3,1
36453.75039,205892.7594,108.9,1
36498.72031,205900.6391,105.2,1
36555.25039,205882.5688,101.1,1
36608.67031,205902.2188,96.7,1
36661.27031,205886.7797,92.4,1
36714.71016,205900.95,87.9,1
36761.01016,205888.0907,83.1,1
36816.15,205870.0907,78.4,1
36845.45977,205884.8813,73.8,1
36858.60977,205884.061,69.8,1
36834.00977,205902.7797,67.1,1
36777.96953,205882.311,66,1
36694.78945,205883.9203,66.8,1
36586.25938,205881.4203,69.7,1
36473.5793,205878.4797,74,1
36352.70938,205878.5094,79.8,1
36235.32969,205857.7985,87.7,1
36101.79961,205864.2485,96.6,1
35990.26953,205847.7578,105.9,1
35896.65977,205881.9782,115.2,1
35839.02969,205864.0782,123.9,1
35818.10977,205851.1078,131.4,1
35807.93008,205852.3188,137.7,1
35820.51992,205859.8297,142.7,1
35829.47969,205899.7203,146.7,1
35847.37969,205889.6594,149.9,1
35863.21953,205896.8797,151.4,1
35888.57969,205889.3891,152.4,1
35910.90977,205919.9297,152.8,1
35932.88945,205903.5391,152.9,1
35957.54961,205902.45,152.3,1
35979.93984,205915.0891,151.3,1
36016.27969,205907.8782,149.8,1
36053.70977,205923.6375,147.6,1
36100.25,205901.7672,144.7,1
36153.13008,205901.5485,141.2,1
36202.46992,205898.7282,137.4,1
36261.13008,205902.7282,132.9,1
36311,205912.9282,128.3,1
36372.85,205895.6094,123.1,1
36429.01016,205904.5391,118.1,1
36481.23008,205890.4203,112.9,1
36537.41992,205905.55,107.5,1
36582.75,205911.6907,102,1
36634.4,205894.6203,96.7,1
36656.36992,205906.7891,92,1
36657.45,205892.7594,88.6,1
36621.70977,205922.4703,86.5,1
36555.88008,205902.9703,85.8,1
36468.13008,205892.85,87.1,1
36360.45,205898.65,89.8,1
36254.41992,205895.25,93.9,1
36135.63008,205918.5609,99.4,1
36017.48008,205889.95,106.1,1
35892.2,205892.25,113.6759435,1
35781.31992,205890.8203,121.5445035,1
35694.7,205905.6406,128.9230954,1
35632.63008,205917.75,135.8298764,1
35602.51992,205938.6797,141.9837457,1
35584.03008,205989.3391,146.9043448,1
35578.9,206015.2688,150.7120572,1
35574.55,206060.6578,153.6280083,1
35570,206069.1672,155.5740658,1
35570,206102.7375,156.6728393,1
35570,206145.2172,156.971737,1
35570,206130.0578,156.4781796,1
35617.31992,206145.1078,155.1995877,1
35662.98984,206122.7985,153.1928068,1
35721.7,206073.3688,150.6389374,1
35783.7,206042.4485,147.5183383,1
35854,205999.7891,143.910626,1
35931.26016,205995.7094,139.8946748,1
36006.46016,205967.7797,135.4486173,1
36099.15,205924.6703,130.7498439,1
36188.45,205886.2313,125.9750027,1
36288.21992,205899.2703,120.8,1
36342.78008,205911.1406,115.5,1
36406.18008,205898.8297,110.2,1
36464.78008,205916.7891,104.7,1
36516.68008,205900.4703,99,1
36576.74023,205914.8203,93.1,1
36622.24023,205910.2703,87,1
36684.10039,205890.0797,80.9,1
36733.2707,205902.0391,74.7,1
36786.9707,205894.8782,68.2,1
36833.90078,205912.4891,62.1,1
36859.23086,205894.2391,56.3,1
36861.16094,205883.2094,51.3,1
36825.60078,205881.4094,47.3,1
36771.58086,205878.4891,45.1,1
36686.3207,205904.4485,44.9,1
36591.1207,205884.5688,46.6,1
36492.68047,205890.2,49.9,1
36381.23047,205887.111,54.5,1
36274.10039,205901.911,60.5,1
36166.48047,205918.35,67.4,1
36081.87031,205902.7594,74.8,1
36025.71016,205920.45,81.9,1
35995.36016,205920.0203,88.8,1
36001.76016,205944.7203,94.4,1
36012.03008,205944.2813,98.7,1
36049.30977,205926.9813,101.9,1
36073.67969,205936.3406,104,1
36103.38945,205925.6203,105.3,1
36134.71953,205938.8406,106,1
36159.03945,205922.1516,106,1
36190.60938,205918.7016,105.6,1
36212.68945,205914.5109,104.8,1
36244.58945,205898.9516,103.4,1
36270.89922,205921.8609,101.9,1
36305.75938,205894.4609,99.9,1
36348.22969,205896.2703,97.3,1
36391.38984,205898.7406,94.4,1
36448.33008,205908.8703,91,1
36500.56992,205912.9203,87,1
36562.23008,205890.6094,82.8,1
36624.21016,205896.2891,78.1,1
36679.58008,205886.2391,73.3,1
36746.95,205904.6391,68.3,1
36795.66016,205903.9891,63.1,1
36859.64023,205886.7188,57.8,1
36912.46992,205900.6297,52.4,1
36967.13008,205883.8094,46.9,1
37018.13984,205900.0297,41.4,1
37064.28984,205893.6703,35.9,1
37118.26953,205883.7906,30.3,1
37162.23945,205887.5313,24.9,1
37212.99961,205881.6516,45.1,1
37241.23984,205908.7516,65.8,1
37251.8,205882.0813,87,1
37239.42969,205885.861,83.9,1
37191.73984,205885.211,82.4,1
37129.37969,205895.1703,82.6,1
37048.77969,205911.7203,84.4,1
36967.65,205900.5703,87.6,1
36878.62031,205916.461,91.9,1
36782.76055,205911.3016,97.1,1
36699.60039,205926.6719,77.6,1
36613.00039,205920.911,58.2,1
36568.46016,205910.0422,38.9,1
36539.19023,205920.6016,44.5,1
36538.37031,205912.261,48.9,1
36556.24023,205933.5313,52.1,1
36578.21016,205912.2016,54.4,1
36608.06016,205895.261,55.9,1
36629.38008,205900.511,56.9,1
36656.7,205887.561,57.4,1
36674.16016,205910.0407,57.4,1
36692.46016,205890.4813,57.2,1
36712.86016,205891.561,56.8,1
36726.20039,205892.3719,56,1
36748.28047,205886.4125,55.2,1
36769.91055,205901.3531,54.1,1
36802.14062,205887.7125,52.4,1
36841.36055,205898.7922,50.2,1
36880.00039,205886.9719,47.6,1
36934.77031,205901.8219,44.9,1
36974.96016,205905.2016,41.6,1
37035.56016,205888.5219,38.3,1
37083.56016,205901.7313,34.7,1
37134.1,205888.9016,31.1,1
37185.03984,205911.7406,27.2,1
37230.95977,205896.6297,23.2,1
37284.42969,205891.5797,19.4,1
37326.03945,205902.2907,15.90280888,1
37371.20938,205889.9813,12.81634673,1
37399.99922,205919.3313,10.21372845,1
37437.59922,205902.111,8.733263759,1
37461.52891,205923.8,7.978457195,1
37480.94883,205926.1797,8.218008115,1
37499.63867,205947.2485,9.485810693,1
37510.12852,205945.3782,11.88095392,1
37521.39844,205937.7282,15.26772161,1
37521.39844,205955.7376,19.47559239,1
37521.39844,205957.8563,24.19643082,1
37521.39844,205969.086,29.08218509,1
37459.8586,205967.825,33.78480337,1
37411.0086,205949.6454,37.96526806,1
37366.08867,205939.2954,41.42007463,1
37318.65899,205925.536,44.28052371,1
37271.86914,205925.536,46.51272113,1
37221.95938,205931.6969,48.1175779,1
37179.48945,205905.0672,49.13081021,1
37134.41953,205903.9078,49.52293943,1
37093.85977,205878.7688,49.59929212,1
37060.20977,205904.9078,49.2,1
37084.15977,205881.9985,48.4,1
37111.43984,205876.2985,47.5,1
37135.25,205874.6297,46.6,1
37168.05977,205872.2391,45.5,1
37205.27969,205892.85,44,1
37249.58945,205878.3,42.1,1
37297.79961,205894.4297,39.9,1
37346.20977,205879.3797,37.6,1
37407.28984,205892.25,34.7,1
37451.8,205904.0406,31.6,1
37513.61016,205893.9406,28.4,1
37566.17031,205908.611,25,1
37617.02031,205902.061,21.5,1
37668.33047,205919.6313,17.7,1
37714.50039,205904.4203,39.5,1
37764.91055,205881.8907,61.4,1
37791.84062,205884.8219,83.4,1
37802.8207,205880.8422,105.6,1
37772.85039,205908.3016,128.8,1
37722.03047,205888.461,127.7,1
37650.53047,205888.2407,128.3,1
37555.16055,205884.15,130.5,1
37459.17031,205886.4297,134.2,1
37354.59023,205904.4703,139.3,1
37248.81055,205886.8016,119.9,1
37146.7707,205907.1703,101.3,1
37052.78047,205900.7594,83.2,1
36992.78047,205906.7594,65.3,1
36949.5707,205912.3188,47,1
36949.28047,205890.0688,53.4,1
36957.84023,205893.4891,58.8,1
36978.83008,205885.7594,62.9,1
37003.50039,205908.4485,65.9,1
37025.00039,205892.2078,68.1,1
37056.82031,205881.2578,69.8,1
37074.63008,205884.3078,70.8,1
37101.03008,205873.1375,71.4,1
37116.05977,205904.0375,71.7,1
37140.05977,205880.3188,71.6,1
37165.45,205882.5594,71.5,1
37189.56016,205882.7891,70.6,1
37225.55,205890.8297,69.5,1
37264.60977,205898.4797,67.9,1
37312.20977,205887.65,66.1,1
37363.31953,205901.2688,63.5,1
37412.75977,205891.1,60.7,1
37472.86992,205908.7406,57.6,1
37521.93008,205913.4406,54.3,1
37581.13008,205897.3297,50.9,1
37632.51016,205896.4703,46.9,1
37683.26992,205886.611,42.9,1
37733.04023,205899.1,38.8,1
37778.13047,205891.4813,34.8,1
37826.72031,205879.1516,30.6,1
37847.08047,205880.0828,26.8,1
37851.90039,205879.2328,23.8,1
37816.92031,205898.8532,22.1,1
37761.41016,205878.1328,21.9,1
37686.01016,205881.1938,23.2,1
37593.28984,205884.6125,26.3,1
37499.48008,205888.6313,30.8,1
37398.23984,205908.7719,36.5,1
37297.69961,205890.1813,43,1
37200.07969,205894.4407,50.2,1
37116.15977,205889.2594,57.7,1
37066.23984,205902.0891,64.9,1
37035.07969,205913.9594,71.4,1
37042.30977,205894.1,76.6,1
37059.55977,205905.6594,80.7,1
37083.13008,205901.7094,83.7,1
37109.63008,205924.6703,85.8,1
37133.72031,205915.6,87.3,1
37164.95039,205906.2297,88.1,1
37184.90039,205920.2,88.4,1
37210.91016,205912.6203,88.4,1
37227.98984,205934.1297,88.1,1
37249.46992,205905.6188,87.5,1
37273.78984,205907.1188,86.5,1
37295.81992,205905.5782,85.2,1
37330.35977,205905.8782,83.5,1
37368.88984,205920.7375,81.3,1
37413.30977,205901.4782,78.5,1
37461.67969,205909.6782,75.5,1
37508.82969,205901.1688,72.2,1
37563.97969,205907.1188,68.6,1
37608.37969,205907.7594,64.9,1
37665.01992,205893.5391,60.8,1
37712.44023,205903.1391,56.7,1
37759.89023,205890.2094,52.58355945,1
37799.85039,205908.4594,48.64289979,1
37834.35039,205897.0703,45.24898533,1
37866.58047,205879.5797,42.4515232,1
37886.8207,205866.7297,40.3789634,1
37909.41094,205850.7688,39.13849876,1
37919.93125,205840.0688,38.91606496,1
37935.40156,205797.4282,39.57634053,1
37940.10156,205789.9985,41.36274685,1
37940.10156,205771.8875,44.29744814,1
37940.10156,205764.6375,48.19779202,1
37940.10156,205780.4578,52.85120695,1
37848.2914,205760.0875,58.04512141,1
37767.47109,205777.1172,63.54258354,1
37684.80078,205790.4469,69.01514334,1
37617.00078,205806.7078,74.15560799,1
37544.40078,205849.9188,78.77804179,1
37483.75078,205860.7391,82.81776622,1
37424.61055,205875.4391,86.2313599,1
37360.93047,205879.7,89.09665861,1
37297.11016,205898.2907,91.31275528,1
37230,205898.1407,93.1,1
37263.75,205891.0407,94.3,1
37282.11016,205897.3516,95,1
37307.84023,205886.4016,95.3,1
37323.05,205902.561,95.4,1
37342.33984,205881.75,95.3,1
37361.66953,205874.2094,95.1,1
37381.64961,205874.2891,94.4,1
37413.26953,205877.7391,93.3,1
37451.20977,205906.1782,91.9,1
37493.75977,205884.2578,90,1
37539.23984,205891.5469,87.8,1
37585.91992,205878.9172,85.2,1
37641.36016,205893.6985,82.3,1
37686.68008,205902.9391,79,1
37744.66016,205887.2188,75.4,1
37795.88047,205897.9501,71.5,1
37844.59062,205893.6313,67.6,1
37890.8207,205906.161,63.7,1
37933.28047,205896.111,59.5,1
37984.60039,205874.761,55.2,1
38018.80039,205877.761,50.9,1
38047.87031,205866.9407,46.9,1
38044.09023,205891.5703,43.5,1
38019.16055,205879.5891,41.1,1
37970.02031,205876.0703,40.2,1
37897.54023,205876.1891,41,1
37821.7,205878.6078,43.4,1
37738.86992,205898.5282,46.7,1
37652.69023,205876.2485,51.2,1
37567.82031,205886.0485,56.4,1
37485.90039,205877.8985,62.1,1
37427.66055,205895.3985,67.8,1
37383.92031,205902.2079,73.1,1
37380.25,205878.4579,77.7,1
37393.08008,205893.6375,81.2,1
37422.13008,205881.5688,83.3,1
37455.21016,205893.5891,84.1,1
37489.62031,205892.3485,84.2,1
37533.13008,205879.0594,83.7,1
37561.34023,205894.4907,82.9,1
37598.11992,205893.0907,81.5,1
37622.40977,205913.6297,79.9,1
37650.83008,205895.6594,78.3,1
37678.04023,205893.0703,76.5,1
37700.80039,205888.2797,74.4,1
37734.15039,205894.8485,72,1
37771.82031,205913.1188,69.6,1
37812.36016,205893.3094,66.8,1
37857.22031,205905.0688,63.8,1
37902.51016,205897.0875,60.4,1
37952.72031,205903.6375,56.9,1
37996.07031,205907.4688,53.3,1
38050.42031,205884.5891,49.5,1
38098.43047,205900.0094,45.9,1
38146.43047,205891.95,42.1,1
38190.82031,205909.7703,38.3,1
38229.30039,205905.2703,34.3,1
38271.94023,205893.8,30.7,1
38284.92031,205896.6594,27.4,1
38286.69023,205890.1907,24.7,1
38256.22031,205910.2219,23.5,1
38210.62031,205901.0719,23.7,1
38149.96016,205901.1219,25.4,1
38075.11016,205897.461,28.1,1
38002.01016,205899.0203,32.1,1
37925.56016,205918.711,36.9,1
37851.63008,205895.9907,42.5,1
37784.53008,205898.7407,48.1,1
37732.01992,205899.6907,53.6,1
37705.8,205902.2,58.8,1
37694.90977,205917.9,62.9,1
37710.20977,205899.35,66,1
37728.96992,205906.761,68,1
37751.10977,205903.8719,69.3,1
37771.68984,205925.0016,70.1,1
37786.63984,205913.3219,70.5,1
37808.21992,205899.3422,70.6,1
37815.54023,205914.3422,70.5,1
37831.16016,205905.3422,70.1,1
37839.1,205927.2516,69.6,1
37850.82031,205898.6907,69.1,1
37868.05039,205894.7407,68.3,1
37885.31016,205899.2907,67.1,1
37915.84023,205891.5297,65.5,1
37950.79023,205910.4,63.4,1
37989.05039,205896.55,61,1
38032.41055,205905.95,58.2,1
38073.08047,205897.2704,55.3,1
38108.04062,205904.0704,52.44170855,1
38138.98086,205911.1204,49.72294408,1
38171.75078,205903.861,47.22169266,1
38191.95078,205911.3797,45.29610804,1
38212.66094,205909.2485,44.18451163,1
38225.31094,205922.4282,43.90539252,1
38233.58086,205893.0079,44.55740744,1
38242.43086,205890.0266,46.21938081,1
38238.30078,205896.286,48.95030469,1
38238.30078,205897.2047,52.88933884,1
38238.30078,205917.036,57.91410209,1
38238.30078,205909.2469,63.82627109,1
38131.9207,205894.9266,70.42752251,1
38021.49062,205899.7375,77.45310713,1
37916.7707,205884.6485,84.46470354,1
37815.48047,205908.3485,91.34382265,1
37716.95039,205913.7485,97.99180773,1
37630.03047,205909.9688,103.9298344,1
37535.92031,205908.4797,109.1989105,1
37450.17031,205898.0906,113.8598763,1
37357.48008,205906.8406,117.8934045,1
37269.28984,205885.0297,121.2,1
37289.63984,205906.9203,123.7,1
37311.75977,205894.45,125.6,1
37333.39961,205917.8391,127,1
37349.52969,205919.4391,127.9,1
37376.67969,205903.8891,128.1,1
37393.22969,205906.85,128,1
37423.81992,205900.3,127.5,1
37452.47969,205932.8204,126.6,1
37488.02969,205915.0891,124.9,1
37530.61992,205911.55,122.8,1
37573.68984,205910.0688,120.2,1
37627.08984,205904.8485,117.1,1
37679.2,205923.4297,113.6,1
37733.9,205902.3297,109.6,1
37788.88984,205905.811,105.5,1
37839.01953,205900.111,101,1
37894.26953,205901.3907,96.5,1
37935.24961,205910.2407,91.8,1
37967.99961,205899.8016,87.6,1
37968.29961,205911.1813,84,1
37933.66953,205904.1016,81.7,1
37873.76953,205919.7219,81.3,1
37787.79922,205917.2719,82.6,1
37699.6793,205898.5532,85.7,1
37592.04961,205907.1422,90.2,1
37488.79961,205906.3313,96.4,1
37374.5293,205929.461,103.4,1
37264.84922,205907.811,111.1,1
37175.43945,205897.5907,119.1,1
37107.48945,205903.3,126.9,1
37079.03945,205892.9297,134.2,1
37070.79961,205920.3797,139.7,1
37079.08984,205895.2985,144,1
37096.58984,205896.4485,147.1,1
37111.49961,205889.7782,149.3,1
37130.63984,205891.5985,150.5,1
37144.4,205901.4391,151.2,1
37171.1,205882.8188,151.5,1
37191.36992,205892.7282,151.2,1
37210.90977,205876.5094,150.8,1
37235.20977,205896.0907,149.6,1
37256.09961,205894.5,148,1
37296.23945,205879.0703,145.9,1
37332.4293,205897.1297,143.3,1
37383.99922,205886.6406,140,1
37436.85899,205913.4313,136,1
37494.23906,205902.4016,131.5,1
37553.28906,205902.811,126.5,1
37607.85899,205907.0516,121.4,1
37670.48906,205898.3813,115.6,1
37726.78906,205921.9813,109.7,1
37779.19922,205896.7625,104,1
37819.81914,205908.1328,98.5,1
37831.94922,205896.0125,93.7,1
37820.79922,205903.8516,89.9,1
37780.75938,205914.7313,87.7,1
37731.34922,205898.261,86.9,1
37665.66953,205902.4516,87.6,1
37592.20977,205887.9719,89.5,1
37516.92969,205910.2422,92.5,1
37430.88984,205902.5922,96.3,1
37363.07969,205886.8922,100.8,1
37297.50977,205893.6516,105.5,1
37262.66992,205884.2313,109.9,1
37252.63008,205902.1313,113.8,1
37260.51016,205884.6907,116.7,1
37282.24023,205878.4,119.1,1
37303.58008,205889.0594,120.5,1
37332.20977,205886.5891,121.2,1
37353.68984,205910.9282,121.7,1
37375.86992,205891.6782,122,1
37396.06992,205899.5172,122.1,1
37407.88008,205898.3172,122.2,1
37423.65,205905.8985,122,1
37430.38008,205918.6891,121.6,1
37449.36992,205896.4188,121.1,1
37473.70977,205901.6297,119.7,1
37501.64961,205885.2907,117.7,1
37540.57969,205898.35,115.4,1
37577.38984,205894.461,112.4,1
37630.73984,205883.0204,109,1
37676.45,205892.5,104.9,1
37726.98984,205880.4907,100.6,1
37763.95977,205910.3094,96.7,1
37776.01953,205898.1,93.6,1
37763.26953,205896.6204,91.8,1
37716.90977,205898.75,91.4,1
37659.83984,205898.9688,92.9,1
37591.18984,205923.8094,95.77011206,1
37525.74961,205906.1985,99.93862223,1
37448.18945,205906.7485,105.065223,1
37366.3293,205894.1891,111.2410132,1
37283.9293,205897.7891,117.8884981,1
37205.2793,205869.6797,124.5615894,1
37151.70938,205851.0391,130.6456051,1
37115.60938,205852.5094,135.4572697,1
37103.19922,205845.1891,139.144714,1
37103.19922,205847.7797,141.3874754,1
37103.19922,205817.7797,142.3263854,1
37103.19922,205801.3797,142.275508,1
37131.0793,205810.1797,141.5489072,1
37159.09922,205804.0094,140.373117,1
37193.7793,205825.8797,138.7256321,1
37224.73945,205845.0703,136.8525409,1
37267.34961,205838.261,134.8685252,1
37312.74961,205843.4203,132.6568606,1
37365.61953,205841.25,130.0694162,1
37425.56953,205866.2203,127.3266548,1
37483.38945,205874.611,124.5176328,1
37557.64961,205874.6719,121.3,1
37602.20977,205870.1016,117.5,1
37654.80977,205884.1719,113.3,1
37703.82969,205901.211,108.8,1
37762.82969,205879.6297,104.2,1
37819.27969,205889.0688,99,1
37868.70977,205882.8,93.6,1
37924.65,205892.361,88.2,1
37955,205898.6907,83,1
37977.06016,205886.0203,77.9,1
37952.56992,205897.95,74,1
37898.73984,205897.5406,71.9,1
37815.93984,205913.1,71.7,1
37706.55977,205900.7406,73.5,1
37589.44961,205896.0016,76.9,1
37456.23945,205901.9219,82.2,1
37327.56953,205897.0813,89.2,1
37186.24961,205920.1313,97.5,1
37056.07969,205906.4313,106.6,1
36952.76953,205914.7109,116.4,1
36876.48984,205911.9609,125.7,1
36838.72969,205913.05,134.1,1
36823.26992,205928.1203,141.2,1
36832.69023,205903.711,147,1
36848.87031,205920.15,151.4,1
36863.07031,205909.2297,154.9,1
36888.67031,205925.0594,157.1,1
36903.63008,205929.5188,158.6,1
36936.83008,205911.0985,159.3,1
36958.89023,205919.7282,159.5,1
36984.49023,205906.1172,159.2,1
37013.36016,205927.4985,158.4,1
37038.69023,205912.0391,156.8,1
37074.21992,205904.6188,154.6,1
37107.81992,205908.0688,151.8,1
37158.36992,205908.2688,148.2,1
37204.35977,205928.4188,144.3,1
37257.25,205903.4594,139.7,1
37315.8,205905.6203,134.8,1
37365.56992,205897.9703,129.1,1
37423.53984,205911.5313,123.4,1
37473.86016,205924.3203,117.4,1
37531.8,205901.3,111.3,1
37588.35,205908.7094,105,1
37631.88008,205893.9594,98.9,1
37666.4,205902.4094,93.3,1
37656.56016,205911.0891,88.5,1
37629.56016,205893.9985,85.3,1
37561.07031,205899.2281,83.8,1
37475.36055,205892.5688,84.7,1
37374.88047,205913.1688,87,1
37260.56016,205904.8985,90.9,1
37147.34023,205904.5781,96.3,1
37020.69023,205907.2985,103.2,1
36907.93008,205901.6985,111.2,1
36802.84023,205926.7891,119.3,1
36731.9,205899.5094,127.2,1
36697.77969,205905.0594,134.3,1
36685.06953,205907.0297,140.4,1
36699.1293,205919.0391,144.7,1
36718.68945,205924.0094,147.7,1
36749.18945,205899.7594,149.6,1
36780.25938,205905.7297,150.7,1
36808.58945,205908.6094,150.9,1
36849.47969,205926.1407,150.2,1
36876.32969,205932.5,149.1,1
36918.93984,205915.2297,147.4,1
36951.15,205929.6391,145.1,1
36989.01016,205915.1579,142,1
37032.32031,205929.4375,138.6,1
37075.32031,205915.7766,134.7,1
37131.78047,205900.0579,130.2,1
37182.34062,205901.7282,125.3,1
37246.13086,205883.9579,119.8,1
37301.60078,205903.5875,113.6,1
37359.5207,205873.1672,107.3,1
37420.91055,205873.1578,100.6,1
37473.15039,205859.6891,93.8,1
37530.05039,205869.9797,86.9,1
37577.24023,205874.9406,79.7,1
37628.33008,205851.1516,72.5,1
37677.98008,205869.4203,65.3,1
37720.7,205861.4297,57.7,1
37773.95977,205878.1797,50.2,1
37803.75977,205874.2188,43.4,1
37836.10977,205857.05,37.1,1
37831.25977,205873.9203,32.3,1
37797.36992,205873.05,29.2,1
37736.50977,205886,28.1,1
37673.83984,205880.5297,29.32813725,1
37608.18984,205881.1297,33.09262525,1
37530.43984,205889.1797,39.44387159,1
37458.25977,205880.5,48.67447796,1
37368.28984,205864.4906,60.51924014,1
37293.30977,205829.5813,74.65514801,1
37220.73984,205830.1406,90.70138552,1
37169.2,205809.8203,107.9193307,1
37149,205802.05,125.6125558,1
37149,205775.45,143.326827,1
37149,205742.05,160.5219674,1
37149,205757.5797,176.619918,1
37149,205743.9,191.0426196,1
37151.23008,205765.3906,203.2120132,1
37144.01992,205808.8813,212.6672511,1
37146.7,205819.7016,219.6313432,1
37154.56016,205844.6516,224.9851057,1
37166.23008,205856.511,228.7671605,1
37184.93008,205890.8203,231.3739354,1
37205.05,205919.4797,232.7596642,1
37239.23984,205933.3703,233.0363865,1
37277.17969,205931.9703,231.673948,1
37321.63984,205927.8703,229,1
37372.69961,205943.4391,225.6,1
37431.78984,205929.0485,221.8,1
37494.85977,205932.8875,217.8,1
37554.47969,205923.5672,212.5,1
37616.90977,205925.8782,206,1
37676.41992,205932.3188,198.1,1
37737.28008,205919.9891,189.2,1
37795.55039,205919.8688,179.9,1
37848.53047,205913.7391,170.9,1
37910.73047,205929.4094,162.1,1
37958.23047,205937.3703,153.5,1
38018.65039,205920.6906,145.4,1
38068.00039,205928.8906,137.2,1
38107.76016,205925.3516,129.7,1
38127.64023,205937.3906,123,1
38120,205931.5313,117.6,1
38096.03984,205920.6422,114.1,1
38043.36953,205928.7219,112,1
37984.52969,205924.3016,111.7,1
37906.53945,205945.9422,113.8,1
37829.68945,205929.0813,118.7,1
37749.75938,205929.7407,126.2,1
37666.3293,205929.2719,136.1,1
37598.35938,205930.7313,147.3,1
37548.19922,205946.9125,158.1,1
37523.94922,205925.6313,167.5,1
37522.28945,205935.561,174.3,1
37531.94961,205926.911,178.5,1
37557.54961,205941.8907,180,1
37576.80977,205942.25,179.1,1
37607.95,205926.2203,175.2,1
37631.6,205925.4406,169,1
37654.91992,205918.6297,161,1
37675.36992,205936.7391,152,1
37692.88008,205933.7188,143.7,1
37718.62031,205925.3891,136.5,1
37734.04023,205935.7985,130.7,1
37763.08008,205933.7688,126.5,1
37790.23984,205943.4594,124.6,1
37828.76992,205918.4688,124.5,1
37871.95,205910.2797,125.8,1
37916.54023,205915.7094,127.1,1
37970.25039,205905.9297,127.4,1
38023.88047,205913.261,126.7,1
38080.51055,205885.2407,125.1,1
38137.52031,205884.2016,122.7,1
38193.66016,205870.6016,119.4,1
38255.53047,205873.5907,114.9,1
38307.76055,205880.9,108.4,1
38370.71055,205867.261,99.6,1
38427.94023,205873.5703,89.4,1
38480.81992,205854.2203,78.8,1
38520.15,205876.6797,69,1
38540.38008,205876.1797,60.3,1
38548.63008,205875.7203,53,1
38531.95,205892.7094,46.9,1
38515.99023,205892.4391,41.9,1
38483.39023,205920.4891,38.4,1
38455.86016,205912.0094,35.7,1
38424.08008,205924.2985,32.9,1
38391.33008,205938.6579,31.2,1
38366.03008,205957.1188,32.3,1
38351.71016,205977.6297,37.7,1
38357.29023,205963.8485,47.7,1
38380.26992,205973.0985,61.8,1
38417.23008,205978.1985,80,1
38462.65977,205991.1188,78.2,1
38506.55977,205992.2391,80.1,1
38555.00977,205982.2391,80.9,1
38598.08984,205993.9594,102.1,1
38637.43008,205999.1,113.7,1
38672.73008,206019.2,113.3,1
38707.3,206016.4094,126.9,1
38744.57969,206016.8907,131,1
38773.65,206020.4094,127,1
38810.08008,206013.3094,115.1,1
38842.80039,206029.7891,120.3,1
38884.51016,206019.1594,120.6,1
38927.44023,206019.4094,124.8,1
38970.44023,206010.9703,114.7,1
39017.57031,206002.7407,118.9,1
39068.46055,206014.3407,135.4,1
39117.23047,205999.661,131.1,1
39167.79062,205999.5703,124.6,1
39218.09062,206000.3313,114.6,1
39269.8707,206010.811,104.5,1
39317.43047,206013.9813,97.3,1
39360.73047,206007.1219,91.67589038,1
39396.48047,206009.9719,84.18674509,1
39429.44023,206009.1313,72.42907046,1
39456.9,206021.7406,56.13680517,1
39479.18984,206007.3297,37.68132029,1
39498.80977,206010.1594,22.37141922,1
39508.47969,206019.1891,14.35333776,1
39516.58945,206028.8985,13.61074404,1
39515.69922,206041.5104,16.86473858,1
39515.69922,206039.352,20.77385426,1
39515.69922,206055.8327,24.95816594,1
39515.69922,206055.7827,29.79199727,1
39503.61914,206050.6124,35.6496719,1
39490.26914,206058.7827,42.74193718,1
39475.31914,206055.753,50.69742207,1
39466.86914,206041.0436,59.20732313,1
39455.53906,206031.3733,67.9254046,1
39452.58906,206024.3639,76.86799832,1
39448.45899,206031.0833,85.71400378,1
39451.39922,206013.6619,94.3048881,1
39458.15938,205991.5406,102.544686,1
39463.9793,205987.4406,110.2,1
39485.09961,205997.5609,117,1
39506.96953,205994.8016,122.9,1
39537.04961,205979.3219,128.2,1
39560.34961,205984.011,133.2,1
39592.09961,205970.4219,137.9,1
39618.57969,205978.7516,142.2,1
39648.18984,205955.4703,146.3,1
39678.99961,205937.861,150,1
39707.24961,205932.3016,153.2,1
39742.61992,205915.361,156,1
39778.70977,205924.0516,158.3,1
39814.95977,205902.7016,160,1
39857.90977,205893.911,161.3,1
39898.82969,205878.6016,162,1
39943.92969,205888.6219,162.5,1
39987.07969,205892.4313,162.8,1
40038.50977,205888.4813,162.8,1
40089.06992,205896.5407,162.8,1
40138.80977,205897.7703,162.5,1
40191.02969,205919.7703,161.9,1
40238.58984,205921.2391,160.9,1
40296.68008,205914.2985,159.7,1
40345.06992,205917.9891,158.1,1
40400.26992,205922.3688,156.3,1
40449.64023,205930.6688,154.2,1
40497.29023,205915.1297,151.9,1
40538.13008,205903.7297,149.9,1
40564.01992,205901.3594,148.1,1
40584.7,205892.5688,147.4,1
40587.93008,205899.9094,148.3,1
40579.88984,205875.6703,151.4,1
40564.98984,205868.25,156.3,1
40538.11016,205866.0797,163.2,1
40510.35039,205858.5203,171.7,1
40478.16016,205869.0297,181.5,1
40449.35,205857.15,192.3,1
40423.86016,205861.6313,203.3,1
40401.64023,205850.1313,214.1,1
40396.75039,205862.8922,224.4,1
40394.07031,205861.2719,233.3,1
40413.13047,205843.2422,214.9,1
40429.14023,205849.4328,195.1,1
40454.94023,205842.6328,173.7,1
40479.8,205856.6422,151.9,1
40501.06992,205831.7625,130.6,1
40527.2,205818.3719,109.8,1
40548.38008,205808.0219,89.4,1
40579.71992,205808.8719,69,1
40603.73984,205817.1906,47.9,1
40633.41992,205800.561,26.2,1
40667.7,205808.9297,29,1
40698.96016,205797.3391,31.4,1
40737.68984,205790.4391,34.2,1
40774.16016,205791.4094,36.8,1
40819.80039,205775.0594,38.4,1
40865.78047,205770.2188,38.7,1
40904.09023,205759.8281,38,1
40949.68047,205762.8281,36.4,1
40982.38047,205759.5891,34.5,1
41028.66016,205738.1781,32.7,1
41062.45,205741.8094,32,1
41099.63984,205742.4203,31.8,1
41134.76992,205769.8797,31.4,1
41162.78984,205766.1891,30.3,1
41193.03984,205755.2688,28.9,1
41208.38984,205766.4094,28.2,1
41224.76992,205764,28.5,1
41223.17969,205790.9907,30.4,1
41209.91953,205779.961,33.2,1
41189.25977,205781.3313,36.2,1
41151.53984,205779.761,38.2,1
41112.36016,205782.161,39.4,1
41060.20039,205798.7813,39.5,1
41013.37031,205780.6516,39,1
40966.67031,205801.211,37.8,1
40919.15039,205796.211,35.3,1
40890.22031,205808.2,31.2,1
40851.72031,205809.4094,51.3,1
40840.73047,205794.1282,71.4,1
40824.78047,205808.4782,67.3,1
40821.19023,205801.8578,65.8,1
40823,205823.7266,65.9,1
40823.55,205809.5563,67.4,1
40834.55,205813.6766,69.7,1
40835.75977,205822.6766,72.3,1
40845.62969,205820.286,75.3,1
40843.91992,205855.1766,78.5,1
40848.43008,205842.1063,56.4,1
40844.75,205850.2063,34.31071459,1
40840.76992,205848.2063,37.52358666,1
40839.63008,205859.1469,40.33178628,1
40833.91016,205870.3672,43.7302107,1
40835.6,205880.3375,48.51548433,1
40828.2,205911.9672,55.28595879,1
40823.16016,205929.3875,64.54171284,1
40817.16016,205966.5578,76.28455246,1
40809,205962.4672,90.81801076,1
40809,205976.5375,107.7473481,1
40809,206004.3578,126.1688373,1
40809,206004.7485,145.0997502,1
40809,206024.8781,163.5573585,1
40843.25,206026.1891,180.5589341,1
40884.91992,205998.9891,195.2736605,1
40916.41992,205980.3297,207.703186,1
40939.55,205947.5203,218.047432,1
40949.08984,205957.7313,226.6045924,1
40936.37969,205952.1219,234.071134,1
40919.23984,205929.7719,215.4417967,1
40887.36992,205908.5922,196.4095929,1
40849.41992,205909.1422,177.465808,1
40805.63984,205919.1625,158.7,1
40722.53984,205904.2219,140.5,1
40636.81992,205911.8922,123,1
40554.03008,205909.4922,106.1,1
40488.68984,205922.6922,89,1
40426.65,205922.6609,71.5,1
40394.75,205902.3813,53,1
40365.86992,205911.6422,58.7,1
40347.11992,205912.8516,63.5,1
40332.5,205931.9313,66.9,1
40318.69023,205928.6906,69.4,1
40316.02031,205919.0313,71.4,1
40304.24023,205924.4719,73.2,1
40302.4,205917.8219,74.5,1
40290.4,205945.0813,75.6,1
40288.51016,205926.2016,76.4,1
40285.83047,205919.5407,76.9,1
40283.73047,205917.6594,77.1,1
40290.45039,205916.05,76.7,1
40300.43047,205926.1407,75.9,1
40316.86016,205909.2703,74.8,1
40335.64023,205907.7,73.1,1
40354.80039,205896.9188,71,1
40381.71055,205908.5782,68.4,1
40405.01055,205913.3578,65.7,1
40438.59023,205903.3875,62.8,1
40468.58008,205918.7375,59.9,1
40498.48008,205906.7875,56.7,1
40527.7,205915.0782,53.4,1
40556.27969,205919.8078,50.2,1
40592.05977,205905.6782,46.7,1
40613.96953,205917.9672,43.5,1
40636.9793,205917.4672,40.3,1
40636.24922,205939.2282,38.2,1
40622.09922,205922.4282,37.4,1
40587.91953,205912.3688,38.4,1
40537.53945,205915.9297,41.1,1
40478.91953,205909.9703,45.8,1
40412.71953,205929.8,51.9,1
40337.93984,205905.75,59.1,1
40261.60977,205915.25,67.4,1
40181.48984,205909.5703,76,1
40110.18008,205916.2203,85.1,1
40047.98008,205917.7391,93.5,1
40010.91016,205905.6797,101.2,1
39985.15,205920.8703,107.5,1
39966.56992,205909.5203,112.2,1
39960.04961,205937.1,115.5,1
39950.02969,205933.1891,117.9,1
39954.92969,205927.0094,119.5,1
39949.73984,205936.7391,120.7,1
39955.68984,205924.9,121.4,1
39957.44961,205950.4407,121.7,1
39960.73945,205937.4016,122,1
39963.59961,205932.1422,121.8,1
39964.53945,205934.5016,121.2,1
39975.69961,205928.461,120.4,1
39987.87969,205943.1313,119,1
40006.29961,205931.1625,117.1,1
40029.2293,205928.7813,114.7,1
40051.55938,205924.2313,111.6,1
40077.81953,205939.9313,108.3,1
40101.51953,205943.5719,104.7,1
40134.11953,205929.2813,100.6,1
40165.76953,205927.8313,96.3,1
40194.18984,205916.0907,91.9,1
40228.55977,205935.9204,87.3,1
40252.70977,205928.411,82.8,1
40288.28984,205911.3407,77.9,1
40311.13008,205925.7219,73.1,1
40330.71016,205919.1329,68.7,1
40335.36016,205931.4719,65.1,1
40319.43047,205924.4407,62.7,1
40289.5207,205925.5907,62,1
40240.13047,205935.0703,63,1
40188.00039,205927.5203,65.5,1
40122.72031,205952.0407,69.3,1
40053.26055,205938.7,74,1
39983.79062,205943.5594,79.5,1
39908.30039,205941.4594,85.6,1
39843.73008,205953.5594,91.9,1
39788.48008,205965.8297,97.7,1
39756.15,205944.15,102.6,1
39736.53008,205951.661,106.4,1
39722.72031,205944.3703,109,1
39725.16016,205966.1907,110.9,1
39715.98047,205964.65,112.1,1
39721.44023,205950.0094,112.9,1
39716.78008,205954.0891,113.6293141,1
39719.36016,205945.9579,114.0883737,1
39717.89023,205954.9672,114.2936425,1
39716.2,205947.8375,114.3776167,1
39712.93984,205969.1782,114.2888249,1
39704.69961,205983.7078,113.8918281,1
39704.48945,206007.7485,113.0672198,1
39694.53945,206019.4891,111.6116258,1
39698.69922,206010.8,109.7377044,1
39698.69922,206040.0109,107.4741462,1
39698.69922,206060.5719,104.9363603,1
39698.69922,206064.5922,102.2846709,1
39720.06914,206072.2422,99.6794021,1
39742.10938,206046.0719,97.09542791,1
39771.21953,206025.0109,94.0842197,1
39788.71953,206005.0813,91.18121648,1
39805.38945,205988.3516,88.8058248,1
39795.34961,205989.261,87.26141881,1
39779.09961,205962.661,87.03534023,1
39751.39961,205943.661,88.39889838,1
39711.19961,205922.1203,91.10737014,1
39666.62969,205940.4813,95,1
39594.37969,205934.3016,99.8,1
39526.11953,205931.4516,105.3,1
39447.5293,205941.4625,111.7,1
39382.85938,205933.2922,118.6,1
39321.39961,205955.5016,125,1
39284.55938,205948.6719,130.8,1
39261.63945,205952.9109,135.5,1
39246.69961,205955.6813,139,1
39243.65977,205948.6813,141.5,1
39243.21992,205953.8609,142.8,1
39246.73008,205937.1813,143.4,1
39250.69023,205939.7719,143.5,1
39251.22031,205926.861,143.2,1
39258.83047,205942.6907,142.4,1
39255.62031,205941.711,141.6,1
39264.39062,205925.9407,140.6,1
39268.63047,205926.5719,139.3,1
39275.70039,205916.8219,137.6,1
39285.87031,205940.9828,135.2,1
39299.96016,205942.7328,132.6,1
39324.36016,205935.6016,129.3,1
39342.3,205945.8313,125.7,1
39372.03008,205944.9313,121.8,1
39394.13008,205958.811,117.5,1
39424.88008,205938.4703,113.1,1
39454.48984,205931.2907,108.4,1
39481.41992,205931.8297,103.5,1
39510.23984,205931.6891,98.4,1
39531.17969,205943.8781,93.9,1
39532.80977,205921.4875,90.1,1
39514.35977,205923.4688,87.8,1
39471.76992,205921.3891,87.3,1
39413.75977,205928.9391,88.6,1
39333.75977,205928.9,91.9,1
39252.00977,205919.011,96.9,1
39156.16992,205928.1516,103.4,1
39051.58984,205925.0422,111.4,1
38945.38984,205943.4719,120.4,1
38839.63984,205936.3016,129.9,1
38758.88984,205926.4625,139.4,1
38687.65977,205929.2313,148.2,1
38643.70977,205917.3704,155.6,1
38608.60977,205938.661,161.9,1
38589.89961,205934.011,167,1
38574.37969,205934.9,171.1,1
38559.49961,205940.1594,174.4,1
38552.66992,205934.6188,176.8,1
38547.33984,205946.3297,178.7,1
38543.15,205929.5203,180,1
38541.93984,205929.5,180.7,1
38537.45977,205926.15,181,1
38540.15977,205941.4703,180.9,1
38542.18984,205947.1906,180.1,1
38556.46992,205926.3703,178.9,1
38573.28984,205934.9109,176.7,1
38592.83984,205930.3109,173.9,1
38621.00977,205944.8219,170.5,1
38642.86992,205943.7016,166.7,1
38679.88008,205935.1813,162.5,1
38707.05,205942.2313,158.1,1
38740.4,205942.3219,153.2,1
38761.28984,205952.0719,148.5,1
38765.68008,205936.1219,144.6,1
38746.43008,205933.9422,141.8,1
38702.2,205936.5016,140.9,1
38643.2,205928.8313,141.8,1
38564.25,205949.2406,144.6,1
38475.01992,205936.011,148.8,1
38377.76992,205934.7406,154.5,1
38268.64023,205937.0406,161.1,1
38160.48047,205946.8,169,1
38053.29062,205954.8407,177.1,1
37967.75039,205939.4,185.1,1
37903.81016,205944.1797,192.2,1
37854.93047,205942.7203,198,1
37832.96055,205960.1406,202.5,1
37809.31055,205958.711,205.6,1
37807.09062,205941.661,207.8,1
37800.74062,205954.0313,208.9,1
37802.40039,205945.1906,209.4,1
37805.58047,205958.1016,209,1
37807.86016,205954.9109,208.5,1
37814.08008,205955.0109,207.1,1
37815.27031,205957.8406,205.3,1
37824.85,205942.9297,203.1,1
37830.6,205954.6391,200.1,1
37847,205938.7282,196.6,1
37871.78984,205947.3469,192.3,1
37897.36953,205944.9672,187.3195684,1
37925.83945,205951.6172,181.7366319,1
38519.7293,205956.5266,175.6569598,1
39117.03945,205934.8063,168.814164,1
39707.39961,205934.4563,161.969699,1
40296.41953,205930.986,154.9128619,1
40882.77969,205939.1563,147.8607927,1
41462.79961,205914.8266,141.2584737,1
42045.36953,205905.1469,135.0787299,1
42613.57969,205901.9672,129.622229,1
43181.78984,205895.9969,125.1979129,1
43750,205893.3469,122.0842078,1
43750,205885.1578,120.5595401,1
43126.86016,205887.0188,120.9023359,1
42489.33008,205897.5797,123.2468009,1
41845.5,205898.3407,127.3036379,1
41197.81992,205923.411,132.9557072,1
40542.98984,205934.3016,139.3580262,1
39894.96992,205926.4219,146.43777,1
39243.28008,205932.0328,153.8942709,1
38595.21016,205933.5328,161.4990186,1
37949.54023,205963.5735,168.5956601,1
37303.70039,205956.9328,175,1
37287.35039,205959.5328,180.1,1
37279.58047,205952.7922,183.9,1
37283.04062,205962.9719,186.4,1
37280.8707,205966.9625,187.9,1
37293.8707,205954.3016,188.7,1
37303.65078,205964.9016,188.8,1
37316.5207,205963.3203,188.2,1
37328.70078,205969.9703,186.6,1
37343.09062,205960.15,184.7,1
37366.22031,205947.3797,182.2,1
37382.92031,205949.5985,179.3,1
37413.28047,205948.6782,175.7,1
37443.41055,205963.8172,171.5,1
37485.4707,205950.636,166.5,1
37530.19062,205952.6563,161.1,1
37572.16055,205952.8469,155.3,1
37621.04062,205945.9469,149.2,1
37671.93047,205963.4469,142.9,1
37720.79062,205948.5875,136.1,1
37771.01094,205956.0985,129,1
37820.04062,205955.5188,121.9,1
37871.67031,205959.9297,114.9,1
37916.59023,205956.061,107.8,1
37970.06992,205939.9313,100.5,1
38017.04023,205940.461,93.3,1
38058.02031,205942.25,86.4,1
38082.56016,205961.0813,79.9,1
38079.68008,205966.061,74.8,1
38061.63008,205955.1704,71.6,1
38010.21992,205953.2594,70.5,1
37950.04023,205944.5204,71.5,1
37870.02031,205965,74.3,1
37785.64023,205957.7797,79,1
37691.85039,205952.05,85.3,1
37590.78008,205961.361,93,1
37497.15,205956.4516,101.4,1
37416.65,205966.4906,110,1
37358.39023,205945.9219,118.1,1
37324.1,205954.8125,125.2,1
37308.25,205958.9735,131,1
37306.87969,205964.7922,135.3,1
37309.85977,205967.7719,138.2,1
37324.62969,205952.1016,140.1,1
37341.58984,205968.3313,141.2,1
37359,205958.3907,141.3,1
37382.53984,205968.4907,140.8,1
37400.37969,205966.9516,139.9,1
37429.72969,205956.161,138.3,1
37450.75977,205953.1,136.1,1
37482.23984,205949.5297,133.2,1
37514.7,205972.1203,129.8,1
37553.65,205957.55,125.8,1
37596.41016,205958.0203,121.3,1
37638.38984,205952.85,116.2,1
37691.12969,205953.25,110.5,1
37741.47969,205970.8203,104.3,1
37795.2,205959.7391,97.8,1
37851.98984,205964.0188,91.3,1
37903.35,205964.4688,84.6,1
37957.45977,205965.7578,77.8,1
38008.95977,205967.4782,70.9,1
38066.66992,205955.4391,64.1,1
38125.21992,205962.3688,56.9,1
38180.33008,205959.8094,49.7,1
38242.00039,205970.4703,42.6,1
38290.34062,205969.1297,35.5,1
38344.08047,205956.85,28.8,1
38371.40039,205960.95,22.7,1
38384.01016,205956.1406,17.9,1
38373.19023,205974.0813,14.9,1
38338.44023,205963.7203,13.8,1
38290.39023,205958.2297,14.6,1
38224.83008,205960.2891,17.4,1
38157.94023,205958.8891,21.5,1
38078.41016,205980.8891,26.9,1
37998.38008,205963.9188,33.5,1
37924.29023,205960.0094,40.6,1
37859.92031,205956.1203,47.6,1
37817.90039,205973.6094,54.1,1
37793.32031,205979.7797,59.6,1
37791.72031,205969.0906,63.7,1
37800.8,205981.5703,66.6,1
37809.55,205974.461,68.5,1
37831.13984,205983.5203,69.7,1
37839.65977,205984.6094,70.4,1
37866.07969,205976.1,70.4,1
37884.12969,205990.0797,69.8,1
37904.53984,205986.2985,69.40529577,1
37919.68008,205994.7094,69.61109232,1
37932.60039,205990.1891,71.01139188,1
37943.66055,205981.5985,74.098994,1
37949.68086,205968.2985,79.06549545,1
37963.47109,205964.4781,86.00129031,1
37966.18125,205952.1485,95.19556988,1
37979.9414,205915.6985,106.4363228,1
37983.60156,205912.9078,119.9103348,1
37983.60156,205899.5875,135.6031891,1
37983.60156,205897.4578,152.6939704,1
37983.60156,205909.8172,170.1706512,1
37983.60156,205893.7672,187.0212042,1
38058.73125,205896.2578,202.2336021,1
38132.52109,205902.7781,214.9671006,1
38219.93086,205911.8985,225.0313057,1
38302.55078,205942.6594,232.3370262,1
38396.19062,205938.0703,236.9962733,1
38493.06055,205951.4906,239.1222612,1
38581.14023,205952.1313,239.1294069,1
38655.16016,205970.3719,237.7333299,1
38710.08008,205958.1828,235.9508526,1
38753.48008,205946.8735,234.5,1
38705.66016,205959.3328,234.4,1
38651.65,205958.2235,210.5,1
38578.88008,205981.8735,188.3,1
38507.86016,205969.1235,167.6,1
38431.12031,205978.4235,148,1
38350.88008,205976.3532,129.4,1
38283.30039,205985.9328,111.4,1
38233.12031,205996.2328,93.4,1
38205.08008,205980.6828,74.7,1
38196.83008,205991.4828,54.9,1
38200.77031,205987.5235,33.8,1
38218.32031,205993.7422,37.1,1
38233.87031,205995.0016,39.3,1
38259.27031,205984.8813,40.6,1
38280.61016,205991.9406,41.3,1
38302.78047,205987.9906,41.5,1
38323.58047,205993.5703,41.3,1
38343.34062,205986.7297,40.6,1
38371.24062,205975.8188,39.5,1
38391.57031,205976.0188,38.2,1
38422.88008,205969.5688,36.7,1
38451.09023,205982.2891,34.7,1
38490.06016,205967.7,32.1,1
38531.16992,205956.4594,29,1
38573.65,205956.0594,25.4,1
38622.93984,205953.7094,21.4,1
38673.00977,205971.1797,42.4,1
38722.31953,205961.8703,63.4,1
38772.57969,205965.9703,84.2,1
38818.75,205959.2797,105,1
38867.56016,205960.2594,125.6,1
38912.59023,205960.8797,146.2,1
38963.26016,205949.3094,167,1
39010.72031,205959.3,187.9,1
39050.61016,205947.1594,209,1
39077.51016,205956.35,230.7,1
39081.28008,205948.2906,227.9,1
39070.64023,205940.1906,226.5,1
39026.28008,205947.4906,227.1,1
38972.48008,205941.9609,204.1,1
38901.03008,205967.0516,182.7,1
38822.58984,205959.8813,162.9,1
38738.88008,205950.2906,144.2,1
38646.56992,205950.061,126.7,1
38564.46992,205956.5813,109.9,1
38492.38008,205975.711,93.2,1
38440.76992,205963.9406,76.4,1
38413.25,205958.2203,58.7,1
38402.78008,205954.8,39.6,1
38409.46992,205958.9891,44.7,1
38421.1,205955.1578,48.6,1
38444.57031,205939.9985,51.7,1
38467.41016,205945.4797,54.1,1
38486.47031,205940.8094,55.9,1
38510.23047,205945.85,57.2,1
38523.97031,205945.5703,58,1
38547.67031,205930.0094,58.3,1
38563.94023,205936.4688,58.3,1
38590.00039,205933.5797,58,1
38618.57031,205957.8406,57,1
38649.69023,205942.2219,55.7,1
38687.06016,205932.6813,53.7,1
38724.61016,205934.4609,51.2,1
38775.78008,205921.0813,48.1,1
38823.56016,205934.9703,44.6,1
38873.32031,205903.0407,40.8,1
38926.59062,205893.3313,37,1
38968.84062,205883.3922,32.7,1
39013.78047,205865.8516,28.4,1
39053.78047,205858.9813,24,1
39099.48047,205831.4906,45.1,1
39143.03047,205829.0516,66.4,1
39169.48047,205804.161,87.8,1
39192.17031,205808.05,109.9,1
39172.8,205803.4703,107.6,1
39146.10977,205771.2594,107.2,1
39087.06953,205780.1594,108.4,1
39018.15938,205764.4188,111.7,1
38938.31953,205784.9391,116.5,1
38842.18945,205772.9485,122.7,1
38748.49922,205759.8078,104.5,1
38642.78906,205767.5078,86.9,1
38555.0793,205752.2688,69.9,1
38470.45938,205779.1188,52.8,1
38415.18945,205748.8094,60.6,1
38389.93945,205759.7203,67,1
38375.27969,205747.461,72,1
38377.71992,205753.9813,75.58718783,1
38383.15,205767.4407,77.94681523,1
38402.97031,205740.8719,79.45964766,1
38415.09062,205762.1625,80.10196428,1
38431.08086,205755.6219,80.24555798,1
38442.63086,205782.0313,80.05773536,1
38447.87109,205754.7516,79.50131673,1
38459.26133,205756.7813,78.73463613,1
38451.60156,205768.7406,77.7115413,1
38451.60156,205775.75,76.38139369,1
38451.60156,205781.7,74.70188066,1
38451.60156,205765.2203,72.62813936,1
38518.52148,205760.6391,70.11530693,1
38587.71133,205765.7094,67.17299031,1
38664.71133,205749.3188,63.92939661,1
38750.68125,205772.8094,60.21721923,1
38835.05117,205780.0188,56.07363786,1
38936.91094,205768.2985,51.84031846,1
39037.2207,205765.3782,47.2634133,1
39147.85039,205749.6578,42.3935609,1
39262.01016,205772.5672,37.4858861,1
39379.93008,205754.9078,32.6,1
39444.51016,205767.2485,27.6,1
39500.38008,205752.5688,22.6,1
39560.18008,205764.6797,43.2,1
39589.58984,205758.9297,64.3,1
39612.10977,205734.2703,86.3,1
39597.91992,205744.9,83.8,1
39564.95,205734.9797,83.1,1
39513.95,205752.8297,84.4,1
39450.74023,205749.9,87.4,1
39391.77031,205727.2391,91.9,1
39315.49023,205737.5688,97.8,1
39251.30039,205719.3875,105.1,1
39183.27031,205744.1469,87.5,1
39136.52031,205725.036,70.3,1
39115.66016,205725.5266,52.9,1
39114.21992,205720.3875,60.3,1
39143.50977,205720.9282,66.4,1
39184.93984,205739.0985,71.2,1
39237.03984,205706.7094,74.6,1
39294.96953,205727.2094,77,1
39349.20938,205716.8891,78.6,1
39413.69922,205726.4703,79.3,1
39466.10899,205736.1313,79.8,1
39532.48906,205716.961,79.6,1
39589.78906,205725.65,79.3,1
39647.1293,205720.1094,78.4,1
39703.98945,205736.1891,77.2,1
39757.71953,205730.8891,75.5,1
39827.26953,205714.4579,73.5,1
39882.15977,205719.5188,71,1
39953.50977,205699.8094,68.1,1
40014.56992,205734.4985,64.7,1
40079.76992,205698.5172,60.6,1
40146.16992,205690.7781,56.4,1
40205.48008,205691.5985,51.8,1
40274.05,205686.4188,47.2,1
40339.38984,205706.0188,42.6,1
40402.96992,205678.0781,37.9,1
40466.11992,205689.6985,33.1,1
40523.67969,205680.2485,28.2,1
40587.65977,205685.3391,23.1,1
40643.43984,205688.9297,43.6,1
40710.38984,205675.7297,64.3,1
40766.23008,205693.5594,85.3,1
40809.83008,205689.4891,107,1
40843.76992,205699.8688,130,1
40854.93008,205699.9891,128.9,1
40868.23984,205686.2297,129.8,1
40853.82969,205703.3203,132.5,1
40846.65,205696.9906,136.8,1
40828.01016,205731.3297,142.6,1
40805.91992,205711.2,124.1,1
40782.88008,205707.6406,106.1,1
40753.83008,205716.4906,88.5,1
40743.34023,205704.011,70.5,1
40734.98047,205731.3516,51.6,1
40738.98047,205703.511,57,1
40753.56055,205714.611,60.6,1
40771.4207,205702.6703,62.8,1
40798.60039,205714.7203,63.8,1
40817.88008,205721.2203,63.7,1
40850.13008,205699.3797,62.7,1
40880.29023,205716,61.4,1
40905.46992,205704.6406,59.7,1
40939.85977,205722.1703,57.5,1
40963.14961,205726.0094,55,1
41004.16953,205708.2907,51.9,1
41035.49961,205723.161,48.6,1
41073.80938,205724.7219,44.7,1
41105.18945,205750.2813,40.3,1
41134.55977,205739.9016,35.5,1
41165.15977,205753.8516,30.1,1
41187.51953,205774.711,50.1,1
41222.67969,205782.511,69.6,1
41246.98984,205819.311,89.1,1
41277.78984,205811.7813,108.5,1
41308.08984,205833.361,128.1,1
41332.47969,205838.311,147.7,1
41363.35977,205855.6297,167.4,1
41393.23984,205878.4094,187.1,1
41432.53984,205871.0188,207.1,1
41471.65,205891.5188,227.3,1
41503.33008,205884.6688,222.2,1
41534.61992,205904.5688,217.9,1
41537.71992,205897.0797,215,1
41537.13008,205868.9407,213.8,1
41507.07031,205877.2297,214.7,1
41466.20039,205873.6,217.4,1
41418.92031,205893.361,221.1798285,1
41638.17031,205879.9907,225.2071643,1
41853.91016,205876.5313,228.4842432,1
42061.68008,205882.061,230.6478579,1
42277.03008,205892.111,230.869358,1
42487.04023,205895.45,228.6546501,1
42719.33008,205890.6891,223.1441975,1
42957.95,205919.8282,214.0130207,1
43212.53984,205930.0985,200.970697,1
43481.26992,205947.5875,184.4613605,1
43750,205939.0969,165.6838741,1
43750,205922.3875,145.9838067,1
43463.86992,205928.9282,126.7067278,1
43165.75,205918.2282,109.0431131,1
42876.85,205908.7688,93.52161301,1
42574.26016,205922.8391,80.33632097,1
42282.26016,205907.7797,69.54677354,1
41991.34023,205894.5406,61.07795034,1
41699.39023,205870.0313,54.82027407,1
41413.67031,205878.3313,50.32961051,1
41123.69023,205881.911,47.42726851,1
40846.08008,205867.061,45.4,1
40854.92031,205873.85,43.6,1
40882.35039,205861.2797,41.5,1
40910.65039,205890.1688,39,1
40950.28008,205878.3594,36.1,1
40993.53008,205874.3485,32.9,1
41036.53984,205884.7078,29.7,1
41087.76992,205893.6578,26.3,1
41134.17969,205901.2485,22.8,1
41189.10977,205896.7485,19.2,1
41234.8,205911.5485,16,1
41263.15,205910.6094,13.2,1
41278.01992,205927.4797,11.4,1
41282.8,205920.8703,11.07131224,1
41252.3,205902.85,12.47131224,1
41196.81992,205914.6406,15.57131224,1
41130.2,205904.4813,20.07131224,1
41058.31992,205925.5406,25.77131224,1
40982.41992,205920.9906,32.67131224,1
40909.25,205903.8813,40.07131224,1
40832.88984,205913.011,47.37131224,1
40777.13984,205895.25,54.67131224,1
40734.75977,205914.2203,61.27131224,1
40691.28984,205909.511,66.6,1
40694.96016,205922.611,70.5,1
40708.02031,205923.961,73.2,1
40734.32031,205940.7797,74.7,1
40759.19023,205954.3297,75.3,1
40783.28047,205948.9188,75.4,1
40806.58047,205968.8891,75.1,1
40822.81055,205960.0094,74.7,1
40844.60039,205981.2,74,1
40852.61055,205993.45,73.2,1
40869.14023,205971.7391,72.1,1
40875.39023,205968.4781,70.7,1
40876.75,205958.7281,68.9,1
40873.23008,205954.9891,66.7,1
40866.79023,205942.9594,64.4,1
40870.24023,205913.2,61.6,1
40862.78008,205912.3594,58.5,1
40865.06992,205900.1391,55.3,1
40860.70977,205910.5594,51.9,1
40862.26953,205888.6391,48.1,1
40863.71953,205885.55,44.2,1
40866.73945,205891.211,40.4,1
40880.94961,205890.4406,36.5,1
40896.06953,205911.5,32.7,1
40901.79961,205897.0297,29.2,1
40889.60938,205916.2203,26.7,1
40851.78945,205906,25.9,1
40796.61953,205918.3407,27,1
40718.55977,205930.1297,29.9,1
40638.65977,205911.8297,34.8,1
40547.61992,205923.4297,41.1,1
40450.41992,205917.9391,48.5,1
40349.65,205940.3688,56.7,1
40247.46016,205934.7391,65.4,1
40164.61016,205931.3391,74.2,1
40091.60039,205934.2688,82.2,1
40054.26055,205929.6688,89,1
40035.44062,205943.0391,94.1,1
40035.63047,205923.7391,98,1
40045.25039,205914.6797,100.5,1
40053.39023,205910.5797,102.2,1
40070.1,205903.6594,103.1,1
40085.85,205917.3094,103.6,1
40102.23984,205901.5391,103.9,1
40122.90977,205897.5094,103.6,1
40141.77969,205890.1188,103.3,1
40165.97969,205892.2797,102.6,1
40183.90977,205903.0985,101.6,1
40213.93984,205895.8391,100.2,1
40242.88008,205912.4594,98.3,1
40276.81016,205907.9391,96.1,1
40314.68047,205925.45,93.5,1
40349.09023,205916.2813,90.3,1
40394.32031,205894.8719,86.7,1
40428.44023,205910.1422,83,1
40468.45039,205910.9031,79.1,1
40502.42031,205929.0531,75,1
40537.46016,205921.6031,71,1
40569.79023,205908.9922,66.9,1
40595.04023,205917.161,62.7,1
40618.40039,205915.9406,58.7,1
40617.69023,205928.7406,55.7,1
40588.07031,205900.25,54.4,1
40534.80039,205896.0594,54.8,1
40448.32031,205875.4797,57.1,1
40351.38008,205864.3688,61,1
40249.81992,205873.8891,66.54282444,1
40149.66992,205844.1703,73.16757015,1
40041.50977,205843.8313,80.74443092,1
39935.29961,205826.8313,89.17469749,1
39831.28945,205825.0907,97.79075757,1
39744.20938,205790.7797,105.8560958,1
39689.10938,205792.1391,112.7652938,1
39648.64922,205801.3688,118.2440302,1
39640.69922,205804.8875,122.1490804,1
39640.69922,205807.6672,124.5683169,1
39640.69922,205774.886,125.7778848,1
39640.69922,205770.8047,126.0887536,1
39657.65938,205778.9251,125.8118928,1
39679.76953,205773.986,125.1816263,1
39704.46953,205806.6063,124.1655662,1
39723.20977,205817.5266,122.8002279,1
39756.43984,205821.9079,121.1910299,1
39783.68008,205831.6688,119.5122936,1
39818.58008,205839.2,117.3072434,1
39852.33008,205869.861,114.8880068,1
39892.29023,205875.3422,112.1356145,1
39940.99023,205890.1828,109.1,1
39966.71016,205879.5719,105.7,1
40003.69023,205886.9719,101.8,1
40030.82031,205890.3328,97.7,1
40076.94023,205881.2938,93.4,1
40112.85039,205890.3531,88.9,1
40156.43008,205885.8735,83.9,1
40198.29023,205906.3125,79.1,1
40237.69023,205893.8422,74.2,1
40278.17031,205890.0422,69.3,1
40303.71055,205899.7016,64.5,1
40322.35039,205904.3422,60.1,1
40305.16016,205936.5016,56.6,1
40262.53008,205926.261,54.6,1
40196.26016,205934.2797,54.6,1
40103.53984,205937.2797,56.2,1
40002.81016,205953.0985,59.7,1
39889.2,205966.8688,64.6,1
39778.86016,205965.7391,70.5,1
39666.16992,205981.4781,77.3,1
39553.74961,205976.6688,84.4,1
39468.82969,205998.7891,91.4,1
39393.32969,205998.2297,97.9,1
39359.79961,205977.8391,103.4,1
39337.80938,205967.8203,107.1,1
39334.18945,205936.25,109.9,1
39341.81914,205918.9906,111.3,1
39345.8793,205890.5703,111.9,1
39360.94922,205850.15,112.1,1
39367.06914,205837.0203,111.7,1
39382.34922,205794.5703,111.2,1
39387.73945,205784.0203,110.7,1
39393.27969,205746.9094,110.1,1
39407.30977,205718.2703,108.9,1
39414.57969,205709.3,107.5,1
39436.74961,205703.661,105.7,1
39459.32969,205718.2203,103.5,1
39497.22969,205693.1313,100.7,1
39540.70977,205703.8016,97.4,1
39584.98008,205687.3719,93.9,1
39648,205706.1422,90.1,1
39697.58984,205712.061,86.1,1
39773.54961,205686.3922,81.8,1
39836.84961,205709.6125,77.7,1
39901.06992,205694.1125,73.8,1
39959.5,205715.3922,70.1,1
39990.61016,205702.9828,67.4,1
40009.95,205686.4219,65.8,1
39989.58984,205697.311,65.8,1
39961.17969,205689.8906,67.6,1
39908.43984,205722.4,70.7,1
39852.53984,205695.5203,74.8,1
39795.30977,205706.4797,79.8,1
39727.10977,205704.1485,85.4,1
39677.16953,205709.6781,91.2,1
39628.86953,205732.1078,97,1
39608.50938,205709.5672,101.9,1
39611.81953,205721.2875,106.1,1
39631.55977,205705.1578,108.8,1
39683.57969,205706.7578,110.1,1
39729.48984,205709.9875,110.4,1
39798.75977,205695.6672,110.1,1
39856.48008,205711.4375,109.2,1
39917.63008,205689.5578,107.8,1
39971.82031,205709.1281,106.3,1
40014.30039,205691.3875,104.5,1
40066.21055,205678.7281,103.1,1
40100.58047,205689.7281,101.2,1
40149.07031,205674.5985,99.2,1
40183.86055,205706.1188,96.8,1
40221.62031,205677.1094,94.4,1
40265.08047,205666.6797,91.2,1
40300.51016,205658.8094,87.8,1
40348.55039,205663.1391,84.2,1
40390.93008,205677.5391,80.3,1
40436.91016,205652.4,76.2,1
40480.83008,205672.0906,71.7,1
40518.23008,205669.5313,67.4,1
40564.01016,205688.9906,63.1,1
40594.23008,205703.3703,58.8,1
40639.13008,205690.7906,54.5,1
40658.41016,205717.9703,51.4,1
40658.19023,205707.9406,50,1
40627.96992,205729.2016,50.2,1
40570.9,205726.761,52.4,1
40508.76992,205716.7203,56.5,1
40418.43008,205728.0094,62.1,1
40333.54023,205704.4094,69,1
40233.17031,205724.85,76.7,1
40141.05039,205695.3906,85.03989233,1
40039.74062,205686.411,93.68433635,1
39946.89062,205679.5813,101.9960263,1
39877.93086,205679.2203,109.1356912,1
39828.80117,205657.6594,115.162095,1
39805.7914,205624.9391,119.7320365,1
39789.00156,205634.6688,122.9003493,1
39787.10156,205612.6485,125.0199021,1
39787.10156,205624.1672,126.141598,1
39787.10156,205597.0766,126.7143755,1
39787.10156,205578.3454,126.8453153,1
39787.10156,205601.825,126.5147659,1
39825.50156,205593.936,125.703076,1
39867.52148,205612.0672,124.4634111,1
39907.12148,205655.5079,122.9370073,1
39960.95117,205646.5485,120.7670658,1
40012.85117,205659.9688,118.1987529,1
40071.77109,205656.2594,115.1792002,1
40135.10078,205696.1407,111.8575042,1
40199.09062,205713.3719,108.2847267,1
40275.99062,205717.5422,104.6138946,1
40352.66055,205721.1422,100.5,1
40398.21055,205721.1219,96.3,1
40443.82031,205742.3406,91.9,1
40491.02031,205713.861,87.2,1
40537.56055,205725.3406,82.6,1
40578.29023,205719.961,77.8,1
40622.67031,205725.061,73.2,1
40643.49062,205733.9906,68.9,1
40654.61055,205725.3703,65.4,1
40631.09023,205740.7313,63.2,1
40580.87031,205730.3609,63.1,1
40508.38008,205755.4406,64.7,1
40414.32031,205752.1406,68.1,1
40323.82031,205739.0797,73,1
40208.98008,205755.8,79.1,1
40103.03008,205741.9594,86.2,1
39986.50977,205772.5797,93.7,1
39886.12969,205749.1688,101.5,1
39807.49961,205738.0078,108.8,1
39749.09961,205742.0875,115.2,1
39724.91953,205735.0078,120,1
39718.49961,205758.8281,123.4,1
39725.87969,205733.0188,125.4,1
39741.23945,205737.2188,126.6,1
39759.54961,205727.7094,126.8,1
39788.61992,205742.65,126.6,1
39812.95,205752.0797,126,1
39853.78984,205729.4906,124.9,1
39888.85,205753.5016,123.7,1
39923.34023,205730.0813,121.7,1
39960.74023,205747.3906,119.4,1
39993.24023,205738.2,116.6,1
40045.78008,205729.1594,113.4,1
40086.45,205741.0906,109.7,1
40142.91992,205732.8406,105.6,1
40194.24961,205756.261,100.9,1
40249.92969,205738.161,95.8,1
40307.13984,205728.8703,90.5,1
40357.5,205722.3907,84.5,1
40420,205719.5907,78.3,1
40478.73984,205739.9313,71.8,1
40538.51992,205708.8719,65.1,1
40599.1,205718.9922,58.1,1
40649.06016,205707.6813,51,1
40694.04023,205712.4313,44.7,1
40713.43047,205731.4906,39.5,1
40723.25039,205713.6906,36,1
40707.09023,205738.8906,34.1,1
40678.16016,205742.1797,34.1,1
40636.05,205782.5703,36,1
40576.09023,205788.6594,39.1,1
40522.48008,205805.3594,43.3,1
40447.16016,205831.8297,48.4,1
40384.84023,205852.5407,53.9,1
40319.94023,205899.3907,59.2,1
40271.39023,205885.3813,63.7,1
40237.95039,205897.6016,67,1
40212.58047,205903.2422,69,1
40201.25039,205894.9719,69.9,1
40193.21055,205897.0719,69.8,1
40190.62031,205861.4219,69.3,1
40193.72031,205840.811,68.3,1
40193.09023,205820.3016,67,1
40198.06016,205806.1203,65.2,1
40195.56016,205807.5797,63.2,1
40201.8,205781.5094,61.1,1
40208.16992,205783.9797,58.7,1
40211.91992,205780.5094,56,1
40224.55977,205800.5,53,1
40230.56953,205813.4688,49.5,1
40253.48945,205817.7797,45.6,1
40267.52969,205845.0406,41.5,1
40294.50977,205842.5203,37.1,1
40320.17969,205869.8313,32.8,1
40351.08984,205851.6313,28.4,1
40385.05,205846.2813,24,1
40411.66016,205855.1203,19.9,1
40443.59023,205842.7203,16.3,1
40457.18047,205860.3906,13.6,1
40453.79062,205817.5219,13.2,1
40434.00078,205802.6516,16,1
40382.46055,205777.7406,22,1
40325.58047,205774.2297,31.1,1
40256.01055,205783.2797,42,1
40195.01055,205753.25,54.1,1
40133.63047,205756.1797,67,1
40071.11016,205719.9594,80.1,1
40027.41992,205727.2688,92.9,1
39985.2,205711.0782,104.9,1
39986.11992,205695.8875,114.7,1
39992.48984,205712.8782,121.356343,1
40028.53984,205705.9485,124.965946,1
40065.67969,205715.5594,125.8082715,1
40109.99961,205684.2985,125.1453274,1
40147.55938,205696.3375,123.6216672,1
40176.1793,205705.5672,121.6643901,1
40207.90938,205731.0672,119.6831404,1
40220.98945,205733.6172,117.9701083,1
40240.69922,205720.4969,116.5000294,1
40240.69922,205744.0563,115.3301848,1
40240.69922,205744.275,114.3440581,1
40240.69922,205742.0657,113.3671044,1
40269.81914,205763.6047,112.2247789,1
40304.10938,205736.3047,110.787723,1
40348.4293,205730.1454,109.0113832,1
40384.40938,205717.5266,106.6686603,1
40438.34961,205711.7672,103.94991,1
40482.29961,205735.8078,100.7629421,1
40541.97969,205709.4188,97.03302095,1
40604.38984,205699.0891,93.00286558,1
40665.1,205670.1891,88.63264931,1
40726.56016,205702.4891,84.3,1
40732.41016,205689.8297,80.6,1
40718.41992,205689.6906,78,1
40665.25,205703.3313,76.7,1
40603.16016,205696.4,77.3,1
40509.96992,205722.6703,79.4,1
40407.83008,205693.6797,82.9,1
40296.85,205697.9,87.8,1
40172.55,205702.05,93.4,1
40056.5,205725.661,99.8,1
39937.73984,205740.45,106.6,1
39851.08984,205713.6407,112.9,1
39789.26992,205742.8407,118.5,1
39747.08008,205729.6,123,1
39738.7,205753.4813,126.1,1
39727.6,205755.9407,128,1
39742.40977,205735.5219,128.9,1
39751,205757.9516,128.9,1
39768.15,205757.9016,128.5,1
39784.36992,205768.3719,127.6,1
39796.71016,205762.8328,126.2,1
39816.19023,205760.5328,124.7,1
39825.05039,205768.5625,122.9,1
39850.65039,205756.8422,120.8,1
39867.92031,205782.6313,118.4,1
39894.79023,205766.3422,115.6,1
39934.36055,205785.1313,112.4,1
39968.53047,205785.111,109,1
40015.38047,205787.1516,105.1,1
40061.11055,205806.1203,100.9,1
40116.57031,205776.7703,96.4,1
40171.46055,205797.6,91.7,1
40220.44023,205777.0797,86.8,1
40281.56016,205787.4797,81.9,1
40316.39023,205787.0094,77.1,1
40356.17031,205756.7594,72.9,1
40354.02031,205762.5391,69.9,1
40325.58008,205756.7297,68.4,1
40271.43008,205773.3,68.9,1
40187.15,205769.7,71.1,1
40098.68008,205757.5204,75.1,1
39989.15977,205765.8594,80.4,1
39885.51992,205759.5204,86.9,1
39764.88008,205790.4907,94.3,1
39655.25,205764.6813,102.2,1
39562.59023,205782.261,110.4,1
39487.43008,205780.6313,117.8,1
39453.38008,205777.0703,123.9,1
39436.38008,205791.7797,128.5,1
39444.51016,205766.611,131.8,1
39463.07031,205789.55,133.9,1
39479.81055,205780.1203,135.1,1
39511.6707,205804.55,135.5,1
39529.71055,205815.0906,135.4,1
39566.20039,205798.411,134.9,1
39592.02031,205812.7813,133.9,1
39623.84023,205811.4219,132.5,1
39654.95039,205830.0422,130.8,1
39680.59023,205819.0422,128.8,1
39720.61016,205807.3219,126.5,1
39752.91992,205817.9016,123.6,1
39802.11992,205804.0813,120.3,1
39845.48984,205828.4313,116.6,1
39896.77969,205796.7609,112.4,1
39955.31992,205804.6813,108,1
40007.48984,205802.5,103,1
40067.9,205805.9094,97.8,1
40122.91016,205827.75,92.6,1
40184.58008,205802.8407,87.2,1
40243.13008,205821.6907,81.6,1
40290.02031,205800.8219,76.4,1
40332.60039,205807.4625,71.8,1
40331.54023,205808.9219,68.5,1
40318.66055,205790.161,66.9,1
40265.89062,205805.311,66.9,1
40193.8707,205789.5922,68.8,1
40106.23047,205809.6625,72.3,1
40004.33047,205797.9219,76.9,1
39905.94062,205793.5719,82.6,1
39791.6707,205800.1516,89.3,1
39688.43047,205795.511,96.3,1
39587.93047,205827.411,103.2,1
39519.00039,205812.3407,109.2,1
39476.47031,205830.6407,113.9,1
39452.5,205831.9703,117.2,1
39451.70977,205848.3391,119.2,1
39456.65,205859.7891,120.2,1
39468.67969,205851.8594,120.4,1
39480.76953,205875.8391,119.9,1
39497.9793,205870.4391,118.7102628,1
39513.39922,205890.3985,117.0626249,1
39524.17891,205897.5391,115.0029032,1
39538.22891,205884.1203,112.5908946,1
39541.23867,205886.5016,109.9003759,1
39546.93867,205879.6219,106.9191045,1
39550.08867,205877.4532,103.5488175,1
39553.64844,205850.9938,99.8052325,1
39560.39844,205844.0141,95.71804702,1
39560.39844,205837.8844,91.4309388,1
39560.39844,205836.7844,87.0913029,1
39560.39844,205832.925,82.83894073,1
39560.39844,205828.1438,78.78495609,1
39614.56875,205842.0125,74.89696478,1
39681.18906,205831.5125,70.98748343,1
39746.58906,205839.1016,66.86875489,1
39816.55938,205830.461,62.63904184,1
39888.77969,205861.061,58.38262684,1
39960.6,205857.9907,53.96981232,1
40043.9,205849.1907,49.55692054,1
40115.77031,205849.7703,45.08629366,1
40185.06055,205842.711,40.68629366,1
40220.90078,205846.6219,37.1,1
40185.13047,205822.7719,34.7,1
40116.58047,205840.1313,33.9,1
40028.49062,205831.1719,35.3,1
39926.08047,205845.5219,38.3,1
39810.35039,205831.2313,42.7,1
39703.65039,205813.9813,48.3,1
39581.2707,205831.65,54.7,1
39474.36055,205811.9906,61.7,1
39374.81055,205836.9094,69.1,1
39307.09062,205808.6594,75.6,1
39269.83086,205804.3406,81.1,1
39249.99062,205799.9609,85.4,1
39255.04062,205789,88.1,1
39268.3207,205804.1,89.8,1
39289.1207,205779.6297,90.6,1
39309.58047,205797.0297,90.7,1
39325.55039,205788.15,90.3,1
39350.97031,205797.7703,89.7,1
39365.54023,205803.7016,88.5,1
39396.16016,205793.8407,87.2,1
39420.4,205810.4297,85.7,1
39447.46016,205793.65,83.9,1
39478.99023,205813.2407,81.8,1
39513.99023,205814.2313,79.2,1
39567.79023,205805.5922,76.1,1
39613.43047,205809.5625,72.7,1
39675.46055,205783.9625,69,1
39731.1207,205807.8719,64.7,1
39793.98086,205792.4016,60.4,1
39857.70078,205773.9828,55.9,1
39913.3707,205771.3532,51.1,1
39979.34062,205772.1532,46.3,1
40041.6207,205791.1735,41.3,1
40102.33047,205765.3328,36.3,1
40158.39023,205773.7328,31.4,1
40204.35,205765.8516,26.6,1
40245.21992,205778.6016,22.1,1
40250.67969,205799.2719,18.6,1
40238.28945,205780.0313,16.5,1
40188.20938,205799.2703,16.2,1
40115.62969,205789.9203,17.9,1
40019.84961,205806.2,21.2,1
39907.5793,205810.2891,26.1,1
39797.98945,205803.3485,32.2,1
39672.44961,205829.3078,39.2,1
39563.73984,205841.6188,46.8,1
39458.34961,205886.8188,54.8,1
39387.36992,205878.0891,62.4,1
39344.55,205895.3594,68.9,1
39326.31992,205918.2203,74.3,1
39336.77969,205925.75,78.2,1
39360.92969,205953.3094,81.1,1
39390.81992,205923.8203,83.1,1
39427.80977,205927.6906,84.5,1
39459.18984,205903.311,85.3,1
39494.37969,205893.4703,85.8,1
39516.50977,205887.1906,85.8,1
39540.88945,205855.6406,85.6,1
39558.7793,205848.4,85.3,1
39575.20938,205829.3094,84.4,1
39595.54961,205828.7203,83.3,1
39614.30977,205813.5813,81.5,1
39652.98984,205797.161,79.2,1
39682.96992,205810.061,76.3,1
39730.22969,205798.4203,73.1,1
39773.66953,205827,69.4,1
39822.07969,205813.1907,65.4,1
39872.88984,205801.6703,61.2,1
39919.41016,205806.9313,56.7,1
39974.42031,205805.3016,52.3,1
40023.22031,205835.1016,47.7,1
40068.59023,205810.311,43.4,1
40101.86992,205814.5813,39.6,1
40104.58008,205797.711,36.8,1
40089.06016,205805.2516,35.6,1
40037.66016,205809.3219,36.3,1
39979.09023,205777.4516,38.8,1
39900.71016,205795.9109,42.8,1
39807.73984,205777.8313,48.1,1
39708.47969,205787.7016,54.4,1
39597.89961,205775.0016,61.6,1
39500.31953,205762.1313,69.2,1
39399.80977,205779.1703,76.6,1
39332.33984,205769.961,83.4,1
39283.08008,205791.2,89.1,1
39259.67031,205773.9907,93.2,1
39255.76016,205776.6907,95.8,1
39256.53008,205780.1313,97.4,1
39271.23008,205775.0813,98.30010856,1
39283,205793.0406,98.61220551,1
39303.60977,205766.6703,98.45471597,1
39315.52969,205780.9,97.95261043,1
39328.38945,205766.9,97.33740467,1
39337.31914,205778.9594,96.5471598,1
39339.94883,205760.4094,95.32648228,1
39345.7586,205741.0985,93.92652387,1
39341.39844,205749.7875,92.30498165,1
39341.39844,205738.4266,90.12609805,1
39341.39844,205745.486,87.36055225,1
39341.39844,205741.0266,84.07379749,1
39423.69844,205726.5266,80.33128703,1
39510.51875,205735.7875,76.23339257,1
39604.09883,205715.5875,71.94859833,1
39706.72891,205729.2578,67.43884319,1
39808.41914,205746.9282,62.75952072,1
39924.05938,205735.8282,57.95947913,1
40040.65938,205732.0688,53.08102135,1
40166.39961,205714.0797,48.15990494,1
40291.75977,205751.9094,43.42534218,1
40404.6,205734.5391,39.3,1
40431.73008,205749.1485,36.2,1
40427.15977,205735.8578,34.7,1
40410.25977,205755.6891,35,1
40370.33984,205778.9688,37.3,1
40330.19961,205758.9188,41.6,1
40277.79961,205767.2094,47.4,1
40218.24961,205768.6297,54.5,1
40160.17969,205787.3188,62.8,1
40094.85977,205777.7391,71.7,1
40056.31953,205759.6282,80.7,1
40024.09961,205763.7782,89.3,1
40020.41992,205761.8188,96.9,1
40031,205784.1281,103.2,1
40047.8,205759.4391,108.1,1
40075.7,205747.0391,111.4,1
40098.21992,205753.4594,113.7,1
40134.68008,205747.0891,115.3,1
40163,205775.4094,116.3,1
40196.11992,205749.95,116.8,1
40229.8,205754.0109,116.7,1
40256.78008,205747.7016,116.3,1
40293.55,205745.4406,115.4,1
40324.23008,205755.7906,114,1
40370.45,205736.9297,112.1,1
40416.79023,205742.5703,109.9,1
40463.56016,205730.4703,107.1,1
40520.84023,205745.4906,103.9,1
40567.73008,205749.2313,100,1
40631.9,205732.0313,95.7,1
40686.36992,205745.6406,91.3,1
40747.96992,205744.311,86.7,1
40808.08984,205770.3719,82.2,1
40862.64961,205755.4313,77.3,1
40920.68984,205749.7625,72.3,1
40969.29961,205767.0625,67.4,1
41020.69961,205756.6516,63,1
41044.85938,205769.111,59.6,1
41053.91953,205742.85,57.7,1
41045.93945,205747.7297,57.8,1
41012.10977,205746.0203,59.9,1
40973.99961,205743.7,63.9,1
40921.15977,205760.6797,69.3,1
40870.05977,205743.0406,76,1
40814.02969,205760.7594,83.8,1
40750.02969,205751.5188,92.1,1
40701.98984,205768.2297,100.7,1
40652.5,205783.5797,108.8,1
40639.41992,205758.2703,116,1
40633.05,205776.9,121.7,1
40643.32969,205757.8891,125.9,1
40661.32969,205785.1485,128.7,1
40675.52969,205770.4688,130.4,1
40699.10977,205762.0281,131.6,1
40714.76953,205767.3485,132.2,1
40741.33984,205757.5485,132.5,1
40758.48984,205781.5375,132.4,1
40779.22969,205748.5875,131.8,1
40805.02969,205762.3469,130.8,1
40822.10977,205760.3563,129.7,1
40851.93984,205773.0469,128,1
40878.1,205776.3078,125.7,1
40918.48984,205750.7578,122.8,1
40961.08008,205750.5688,119.4,1
40999.88008,205731.4485,115.6,1
41053.41992,205743.5485,111.3,1
41090.01992,205745.3594,106.6,1
41148.51992,205734.3297,101.6,1
41193.45,205738.7906,96.6,1
41242.16992,205729.011,91,1
41292.96992,205744.9313,85.5,1
41335.55977,205732.6109,80.1,1
41380.79961,205726.5,75.2,1
41404.0293,205743.0891,71.2,1
41419.23945,205741.7391,68.4,1
41402.9293,205762.4,67.7,1
41371.33906,205740.7203,69.1,1
41326.88906,205746.611,72.5,1
41264.22891,205753.1813,77.2,1
41204.75899,205754.3813,83.5,1
41133.08906,205773.1813,90.7,1
41066.23906,205752.161,98.6,1
41002.26914,205768.2719,106.9,1
40943.01914,205752.7719,114.7,1
40914.35899,205761.6328,121.5,1
40886.85899,205766.8828,126.6,1
40894.43906,205758.7016,130.1,1
40899.76914,205771.6906,132.3,1
40911.71914,205746.4297,133.6,1
40921.28906,205761.4906,134.0221917,1
40932.30899,205751.2406,133.918619,1
40943.60899,205754.3906,133.342557,1
40944.00899,205752.161,132.2485115,1
40951.33906,205762.3219,130.9922199,1
40941.46914,205765.4922,129.6306501,1
40943.64922,205740.6922,128.1220014,1
40936.89922,205749.2735,126.325704,1
40930.19922,205742.5844,124.0024193,1
40930.19922,205764.1954,121.2140396,1
40930.19922,205758.4954,118.0014966,1
40930.19922,205737.1954,114.3771009,1
40984.3793,205744.325,110.3531629,1
41032.66953,205741.3344,105.9472083,1
41097.17969,205733.7844,101.2035,1
41152.16992,205757.9641,96.16506979,1
41221.15,205744.9235,90.87371849,1
41295.64023,205745.8828,85.57001586,1
41367.38047,205738.8828,79.99330058,1
41442.5707,205745.7016,74.58168029,1
41504.1207,205767.9703,69.57203159,1
41560.8207,205743.7203,65.8,1
41542.86055,205752.25,63.7,1
41517.50039,205733.3907,63.5,1
41468.07031,205759.3094,65.2,1
41416.24023,205734.2891,68.6,1
41359.38008,205740.4188,73.5,1
41291.36992,205736.4594,79.2,1
41230.99961,205739.5188,85.7,1
41169.73945,205764.6391,92.6,1
41122.72969,205741.7391,99.6,1
41091.72969,205758.8891,105.7,1
41074.48984,205755.9594,110.7,1
41083.46992,205777.5282,114.3,1
41090.01992,205792.4188,116.6,1
41116.77969,205784.9782,117.8,1
41135.55,205796.2078,118.1,1
41155.03984,205787.6578,118,1
41173.88984,205795.7485,117.7,1
41186.95,205779.4688,117.1,1
41211.48984,205769,116.3,1
41220.91992,205786,115.2,1
41243.43984,205772.7407,113.7,1
41258.23984,205794.6813,111.8,1
41279.98984,205769.5016,109.6,1
41307.5,205767.5516,106.8,1
41332.12969,205757.9922,103.4,1
41371.75,205760.0922,99.5,1
41410.09023,205777.511,95.1,1
41451.53008,205755.1203,90.4,1
41493.63008,205753.6391,85.3,1
41535.33008,205739.8891,80.2,1
41584.12031,205739.4891,75.1,1
41615.41016,205746.4188,70.5,1
41650.37031,205721.2188,66.4,1
41659.82031,205730.7688,63.7,1
41648.95039,205730.3594,62.7,1
41617.54023,205742.9282,63.5,1
41569.97031,205746.6485,66.2,1
41527.51016,205731.8188,70.1,1
41464.41016,205751.8188,75.2,1
41408.45,205745.1688,81,1
41342.92969,205778.7985,87.3,1
41287.00977,205755.2094,93.6,1
41242.50977,205760.6891,99.6,1
41208.35977,205765.9797,104.7,1
41200.9,205752.6391,108.5,1
41202.38008,205771.3094,111.2,1
41211.60977,205735.5094,112.5,1
41224.83984,205740.3,113.1,1
41236.42969,205724.7109,113.1,1
41254.30977,205723.5109,112.8,1
41263.05,205735.4313,112.1,1
41284.01992,205716.0406,111.1,1
41299.25977,205720.7906,109.7,1
41312.96992,205703.5906,108,1
41331.98984,205722.0313,106.2,1
41349.99961,205720.9219,103.5,1
41387.24961,205712.3125,100.3,1
41414.17969,205732.7328,96.6,1
41456.2,205716.4828,92.5,1
41494.41016,205749.4219,87.7,1
41534.53008,205729.9922,82.6,1
41575.73008,205726.9719,77.3,1
41608.33008,205728.5719,72,1
41650.71992,205720.5016,66.7,1
41681.95977,205744.7703,61.4,1
41702.86992,205728.2203,56.9,1
41701.71016,205728.7907,53.9,1
41669.92031,205719.2094,52.4,1
41614.31016,205730.1485,52.9,1
41530.14023,205743.9797,55.6,1
41439.80039,205716.2188,60.1,1
41333.74062,205739.5985,65.9,1
41218.1707,205733.3985,72.7,1
41098.81055,205752.1391,80.3,1
40969.2707,205759.75,88.3,1
40861.20078,205736.55,96.4,1
40761.20078,205754.4391,103.3,1
40692.95078,205752.7891,109.2,1
40645.50078,205789.1297,113.2,1
40612.01055,205771.4391,115.8,1
40591.51055,205778.2,116.8,1
40567.94023,205781.3203,116.9,1
40557.73008,205778.2203,116.3,1
40543.24023,205805.3906,115.2,1
40532.39023,205778.0406,113.5,1
40525.11016,205795.4297,111.2,1
40510.66016,205801.0907,108.7,1
40503.86016,205806.6813,105.4,1
40494.52031,205810.461,101.4857735,1
40494.51055,205786.9703,96.62484513,1
40491.01055,205791.35,91.21627085,1
40495.68086,205783.461,84.99063837,1
40499.07109,205799.2516,78.11006696,1
40503.38125,205775.2016,70.56820743,1
40515.61133,205772.4219,62.89024222,1
40515.67148,205775.3032,55.13288532,1
40523.10156,205771.5032,47.5843823,1
40523.10156,205774.6938,40.76451034,1
40523.10156,205749.2547,35.03880464,1
40523.10156,205745.925,30.72258102,1
40546.70156,205757.3344,28.1311553,1
40551.77148,205734.9641,27.45678777,1
40543.7414,205753.3141,28.63735919,1
40512.06133,205749.3329,32.07921871,1
40486.94101,205744.1125,37.25718392,1
40448.14101,205746.4922,44.01454083,1
40412.6707,205747.911,51.46304384,1
40377.1207,205778.0203,59.5829158,1
40345.33047,205765.9703,67.52284796,1
40324.93047,205770.5203,75.2,1
40276.14023,205748.9703,81.9,1
40263.55,205777.3,87.5,1
40252.93984,205787.4391,92,1
40277.80977,205768.3594,94.9,1
40295.65,205780.7891,96.8,1
40324.27969,205759.9391,97.5,1
40355.35977,205769.7594,97.7,1
40381.05977,205754.7188,97,1
40413.16992,205745.4688,96.1,1
40435.04961,205760.2594,94.7,1
40467.80977,205762.6203,93.1,1
40490.98984,205785.111,91.1,1
40519.58984,205755.5516,88.8,1
40555.41992,205765.9016,86,1
40588.75977,205751.111,82.6,1
40634.96992,205768.5703,78.8,1
40678.76992,205782.5907,74.3,1
40731.35977,205768.0313,69.5,1
40787.01953,205783.25,64.4,1
40837.52969,205773.65,59,1
40899.26953,205788.75,53.5,1
40940.08945,205790.75,48.1,1
40986.97969,205777.3203,43.3,1
41000.44961,205798.0203,39.7,1
40990.37969,205792.611,37.9,1
40955.23984,205798.6813,38.1,1
40896.78984,205797.1313,40.8,1
40832.83984,205775.4219,45.3,1
40747.38984,205790.6922,51.4,1
40664.51992,205771.8813,58.7,1
40564.61992,205789.4813,67,1
40472.54023,205769.261,75.9,1
40394.26016,205768.7203,84.8,1
40327.19023,205763.2813,93.2,1
40292.21016,205762.6313,100.2,1
40272.73984,205784.6313,105.7,1
40272,205763.5719,109.5,1
40279.86992,205775.9907,112.2,1
40285.4,205766.3407,113.7,1
40303.61992,205783.4219,114.6,1
40311.31992,205786.661,114.9,1
40334.91992,205769.4203,114.7,1
40347.80977,205780.5203,114,1
40363.42969,205771.7203,112.8,1
40380.32969,205789.6907,111.3,1
40397.11992,205778.95,109.4,1
40428.91992,205763.2297,107.1,1
40454.01992,205771.6406,104,1
40496.38008,205751.5813,100.4,1
40532.06016,205773.8406,96.2,1
40577.95039,205750.9313,91.5,1
40626.63008,205737.5109,86.4,1
40671.15,205734.4406,81.1,1
40719.96992,205722.2406,75.9,1
40750.68984,205737.711,71.5,1
40760.78984,205724.1219,68.3,1
40742.27969,205728.811,66.7,1
40696.23984,205730.5906,67.6,1
40637.27969,205741.761,70.2,1
40556.06953,205742.3907,74.4,1
40478.56953,205732.6703,80.2,1
40386.22969,205748.1813,87.1,1
40289.30977,205751.8219,94.9,1
40191.6,205771.461,103.2,1
40105.2,205769.5797,111.2,1
40052.63008,205754.5891,118.3,1
40012.16016,205769.5703,124.1,1
40002.6,205757.4797,127.9,1
39999.03008,205788.3594,130.6,1
40008.49023,205767.3203,132.2,1
40020.73008,205766.2703,132.7,1
40031.73008,205775.7,132.6,1
40051.92031,205762.3,132,1
40073.37031,205784.3906,130.7,1
40093.06055,205771.1016,128.9,1
40112.62031,205768.9516,126.7,1
40131.64023,205755.4313,124.1,1
40160.41016,205759.0125,121.1,1
40187.02031,205769.5922,117.6,1
40229.44023,205757.1422,113.5,1
40274.09023,205759.7422,108.7,1
40320.03008,205753.0516,103.6,1
40371.93008,205776.311,97.8,1
40417.43984,205771.8,91.8,1
40478.94961,205743.5594,85.6,1
40527.63984,205758.35,79.5,1
40577.88008,205756.2594,74.1,1
40603.62031,205776.9391,70.1,1
40631.79023,205759.9594,67.55159642,1
40648.77031,205757.8391,66.67738849,1
40657.05039,205766.4391,67.57992829,1
40666.44062,205761.1891,69.94172067,1
40665.96055,205747.2688,74.02522334,1
40667.5207,205721.0688,79.67284682,1
40654.76094,205737.2485,86.70695441,1
40641.43086,205729.4375,94.82986228,1
40629.80078,205731.0172,103.3238394,1
40629.80078,205710.0063,111.4511075,1
40629.80078,205687.4454,118.9022448,1
40629.80078,205698.6157,125.4767795,1
40568.80078,205696.5563,130.9742397,1
40516.69062,205712.7766,135.3124473,1
40454.6207,205742.4375,138.7289446,1
40403.15078,205731.2782,141.0813211,1
40352.56055,205738.1282,142.5472135,1
40302.23047,205741.4985,143.3243057,1
40259.57031,205769.0985,143.1303286,1
40213.39023,205784.5297,141.9030605,1
40178.88008,205779.6297,139.9003267,1
40145.53984,205780.4891,137.2,1
40181.99961,205772.2891,133.9,1
40216.71953,205791.7094,130.2,1
40258.29922,205763.4985,125.8,1
40307.76914,205776.6688,120.9,1
40352.15938,205779.2688,115.5,1
40407.53945,205780.4485,109.2,1
40458.64961,205790.0891,102.6,1
40519.32969,205771.5985,95.9,1
40580.94961,205776.4188,89,1
40637.19961,205771.1688,82,1
40700.58984,205774.9688,75,1
40745.56016,205775.9282,68.2,1
40796.45039,205761.3188,62.1,1
40817.01016,205764.5485,57.3,1
40822.25,205748.0485,54.3,1
40806.7,205766.1297,53.6,1
40769.83984,205753.8203,55.1,1
40728.45977,205754.5703,58.7,1
40665.81992,205771.05,64.1,1
40608.75,205760.6797,71,1
40540.05,205791.6188,79.2,1
40474.01992,205768.2,88.1,1
40420.82969,205774.4407,97.3,1
40375.40977,205772,105.8,1
40356.71992,205777.161,113.1,1
40350.40977,205788.5,118.8,1
40362.61992,205770.3297,122.7,1
40381.71992,205771.3891,125.2,1
40402.2,205760.0797,126.3,1
40436.66992,205782.4703,126.4,1
40456.1,205778.661,125.7,1
40495.35977,205753.8906,124.2,1
40525.5,205774.1906,121.9,1
40557.63008,205764.9719,119.1,1
40591.6,205782.461,115.8,1
40621.14023,205766.4219,111.9,1
40663.85,205754.5016,107.5,1
40698.31992,205760.1719,102.7,1
40746.20977,205740.1016,97.2,1
40786.73984,205753.961,91.2,1
40835.14961,205732.8313,84.7,1
40890.19961,205742.9516,78.1,1
40936.94961,205738.3016,71.2,1
40993.84961,205748.6016,64.2,1
41045.95977,205761.3625,57.1,1
41102.13945,205742.7719,50.2,1
41157.74961,205745.9016,43.3,1
41209.09961,205744.9219,36.1,1
41270.74961,205754.5422,54.9,1
41316.11953,205760.0828,74,1
41372.30977,205742.6516,93.9,1
41404.55977,205750.0703,89.5,1
41426.27969,205744,87.1,1
41434.10977,205748.8391,86.9,1
41426.75977,205737.6485,88.8,1
41422.28984,205734.9281,92.4,1
41398.8,205744.0985,97.9,1
41381.01992,205727.9485,104.6,1
41350.93008,205764.3485,86.6,1
41324.13008,205740.9875,69.3,1
41302.43008,205740.6281,52,1
41285.73008,205735.5188,59.5,1
41286.66992,205724.6281,65.8,1
41295.68984,205752.2188,70.3,1
41314.27969,205742.9391,73.3,1
41338.33984,205749.5797,75,1
41359.33984,205737.5391,75.6,1
41390.46992,205745.1985,75.4,1
41412.3,205746.3485,74.7,1
41448.78008,205736.0485,73.4,1
41476.88984,205746.6781,71.6,1
41506.28008,205744.6188,69.5,1
41534.56016,205756.8797,66.9,1
41562.73008,205749.9,64,1
41604.59023,205731.2797,60.5,1
41635.51016,205741.2594,56.6,1
41681.2,205729.9594,52,1
41720.06992,205755.5094,47.1,1
41763.17969,205733.9797,41.8,1
41809.12969,205726.15,36.2,1
41849.60977,205731.9,30.4,1
41897.59961,205721.8797,50.2,1
