,time,중지,검지,약지,소지,엄지,target
1,0.238,-0.31169,-0.37492,-0.28057,-0.144,-0.22567,S
1,0.404,-0.18094,-0.45889,-0.36227,-0.24245,-0.64076,S
1,0.569,-0.69953,-0.82205,-0.58007,-0.40909,-1.07801,S
1,0.736,-1.07917,-1.14721,-0.74436,-0.5653,-1.43471,S
1,0.902,-1.2939,-1.34832,-0.87121,-0.61338,-1.74931,S
1,1.068,-1.48553,-1.5341,-1.00929,-0.71133,-1.92464,S
1,1.234,-1.59452,-1.66886,-1.11235,-0.7991,-2.13303,S
1,1.403,-1.72278,-1.75157,-1.23502,-0.8711,-2.22195,S
1,1.569,-1.85047,-1.79272,-1.31033,-0.70344,-2.45383,S
1,1.734,-1.94553,-2.10088,-1.39049,-0.60626,-2.35299,S
1,1.9,-1.86479,-1.90167,-1.38983,-0.79172,-2.44107,S
1,2.064,-1.95621,-1.98689,-1.56073,-0.98965,-2.79946,S
1,2.23,-2.27191,-2.35824,-1.76267,-1.04816,-2.93268,S
1,2.396,-2.44541,-2.44242,-1.88071,-1.12016,-3.06976,S
1,2.561,-2.71988,-2.70251,-1.98686,-1.02756,-3.24157,S
1,2.731,-2.8073,-2.71531,-2.03091,-0.80037,-3.26405,S
1,2.896,-2.90082,-2.66976,-2.12494,-0.65587,-3.4013,S
1,3.062,-3.0413,-2.72602,-2.14608,-0.80139,-3.53032,S
1,3.227,-3.18751,-2.96113,-2.26963,-0.93088,-3.55582,S
1,3.393,-3.23847,-3.02726,-2.32799,-1.15298,-3.47495,S
1,3.558,-3.22855,-2.88556,-2.4218,-1.31071,-3.66371,S
1,3.724,-3.29726,-3.0621,-2.52311,-1.35702,-3.76891,S
1,3.89,-3.41903,-3.25922,-2.45572,-1.30257,-3.70968,S
1,4.054,-3.47706,-3.29574,-2.53588,-1.33488,-3.94542,S
1,4.22,-3.66239,-3.47879,-2.72109,-1.49389,-4.08417,S
1,4.385,-3.82291,-3.62889,-2.90409,-1.63687,-4.23199,S
1,4.551,-4.05806,-3.83524,-3.03755,-1.76229,-4.27511,S
1,4.716,-4.20847,-3.94566,-3.12454,-1.84599,-4.26269,S
1,4.882,-4.27031,-3.94083,-3.14898,-2.00932,-4.27293,S
1,5.047,-4.32967,-4.01703,-3.2221,-2.13246,-3.76975,R
1,5.212,-2.31009,0.77712,-2.49558,3.24346,16.4773,R
1,5.378,29.2768,24.57869,20.3617,11.61707,10.45238,R
1,5.543,32.5647,16.31225,23.37921,11.23521,6.90511,R
1,5.709,24.71503,12.5211,18.62391,9.02617,4.79507,R
1,5.874,21.24179,10.68745,15.81715,7.65898,3.582,R
1,6.04,19.11876,9.50014,13.74,6.43044,1.8993,R
1,6.205,17.8386,8.8708,12.86615,5.70919,0.48707,R
1,6.372,16.82452,8.28596,11.90928,5.10904,-0.13691,R
1,6.537,15.71538,7.49813,11.01693,4.66408,-0.67096,R
1,6.704,14.75702,6.97585,10.15585,4.12753,-1.29059,R
1,6.87,14.09528,6.49366,9.62974,3.91713,-1.47733,R
1,7.035,13.7271,6.32993,9.31812,3.6556,-1.89595,R
1,7.201,13.34078,5.79148,8.8028,3.33199,-1.77397,R
1,7.366,12.87124,5.34435,8.33966,3.09387,-2.32447,R
1,7.532,12.2179,4.88547,7.84702,2.95928,-2.57262,R
1,7.697,11.77298,4.60145,7.56337,2.83895,-2.9867,R
1,7.862,11.26527,4.30147,7.19538,2.65348,-3.04828,R
1,8.028,10.94385,4.01472,7.01215,2.60286,-2.72261,R
1,8.193,10.56669,3.62994,6.75405,2.35023,-3.24828,R
1,8.359,10.13055,3.35494,6.38385,2.13373,-3.56489,R
1,8.528,9.72343,3.16559,6.09514,2.0139,-3.77394,R
1,8.694,9.36861,2.97541,5.90156,1.89484,-3.45029,R
1,8.859,9.06894,2.81419,5.67539,1.70225,-3.70297,R
1,9.025,8.84047,2.59041,5.48226,1.48015,-3.91018,R
1,9.191,8.54043,2.47181,5.29793,1.38755,-4.09172,R
1,9.359,8.35376,2.3574,5.14796,1.26747,-3.98518,R
1,9.525,8.17262,2.18128,5.0526,1.18046,-4.20816,R
1,9.691,8.01535,2.09038,4.96649,1.07411,-4.3288,R
1,9.857,7.88136,1.98878,4.74142,0.81767,-4.56756,R
1,10.022,7.5271,1.81056,4.57846,0.72863,-4.82108,R
1,10.188,7.3036,1.70686,4.43884,0.62839,-4.7241,R
1,10.353,7.24767,1.62814,4.38774,0.59659,-4.69893,R
1,10.519,7.08429,1.53577,4.25715,0.52332,-5.08164,R
1,10.684,6.877,1.34454,4.06556,0.33048,-5.49036,R
1,10.85,6.68136,1.22971,3.91955,0.24601,-5.64036,R
1,11.016,6.50748,1.09389,3.78279,0.18063,-5.6256,R
1,11.181,6.35021,0.99586,3.70857,0.07505,-5.77643,R
1,11.347,6.24714,0.93435,3.66893,0.00712,-5.9172,R
1,11.512,6.07612,0.78762,3.50773,-0.09846,-5.96972,R
1,11.678,6.00034,0.71709,3.49055,-0.18368,-6.05126,R
1,11.843,5.92934,0.65033,3.39828,-0.20734,-6.04891,R
1,12.009,5.81215,0.61653,3.34939,-0.20073,-5.64137,R
1,12.178,5.83467,0.58379,3.36855,-0.35287,-6.15764,R
1,12.344,5.64876,0.48953,3.20712,-0.39942,-6.39706,R
1,12.51,5.47794,0.44314,3.06574,-0.39052,-6.40495,R
1,12.675,5.30749,0.34679,2.91555,-0.42766,-6.51568,R
1,12.841,5.21568,0.24351,2.87987,-0.49381,-6.66568,R
1,13.006,5.10288,0.08481,2.67682,-0.54164,-6.8583,R
1,13.173,4.91564,-0.01805,2.56055,-0.54978,-7.0343,R
1,13.338,4.76924,-0.12637,2.4773,-0.60193,-7.28296,R
1,13.504,4.65415,-0.23952,2.42973,-0.65485,-7.43195,R
1,13.669,4.5715,-0.32097,2.37974,-0.70675,-7.53111,R
1,13.835,4.47759,-0.39045,2.27976,-0.7963,-7.56366,R
1,14.002,4.38445,-0.42887,2.22669,-0.83421,-7.69,R
1,14.167,4.28367,-0.51388,2.20224,-0.86321,-7.67691,R
1,14.334,4.20789,-0.56196,2.17339,-0.86652,-7.70745,R
1,14.499,4.12124,-0.63879,2.09037,-0.99067,-7.83916,R
1,14.666,4.00634,-0.71541,2.02936,-1.01077,-7.93429,R
1,14.832,3.94469,-0.75193,1.95603,-1.05605,-7.62557,R
1,14.998,3.9382,-0.60562,2.18396,-0.82301,0.22634,R
1,15.164,8.02871,4.98728,6.69217,2.98752,5.22778,S
1,15.33,13.92655,7.45468,3.55023,3.73472,6.59471,S
1,15.496,12.16999,5.74803,1.89217,2.25177,6.29992,S
1,15.661,12.14899,7.46559,4.70068,2.42452,6.22274,S
1,15.827,11.55902,7.46224,3.55089,1.49567,4.50363,S
1,15.992,10.78084,6.62046,3.18973,1.07793,3.22915,S
1,16.158,9.90762,5.95018,3.02874,0.83319,3.306,S
1,16.323,9.87784,5.84249,2.99703,0.67291,3.02546,S
1,16.489,9.70797,5.51481,2.65524,0.36431,2.4003,S
1,16.654,9.41842,5.44239,2.64599,0.21345,2.24343,S
1,16.82,9.08345,4.89407,2.35111,0.14171,1.13623,S
1,16.986,8.28065,4.07077,2.33724,-0.07505,0.46358,S
1,17.151,7.79852,3.57116,1.14208,-0.65052,0.31443,S
1,17.317,7.37479,3.04993,0.9408,-0.52485,0.10168,S
1,17.482,7.26008,2.98716,0.8287,-0.75305,-0.36795,S
1,17.648,7.10032,2.7932,0.50541,-0.89984,-0.80351,S
1,17.813,6.70751,2.48251,0.32505,-1.11584,-1.28673,S
1,17.979,6.37025,2.06414,0.01476,-1.41731,-1.46693,S
1,18.144,6.14998,1.86094,-0.07774,-1.45013,-1.54813,S
1,18.311,5.97572,1.69573,-0.26317,-1.63178,-1.84578,S
1,18.476,5.73275,1.52423,-0.27396,-1.67783,-1.99108,S
1,18.641,5.51325,1.30486,-0.58514,-1.88237,-2.16541,S
1,18.808,5.54684,1.38274,-0.36932,-1.90298,-2.07598,S
1,18.973,5.44091,1.3903,-0.62566,-2.04977,-2.24712,S
1,19.139,5.24546,1.09704,-0.82122,-2.23498,-2.46205,S
1,19.304,5.15479,0.99901,-0.8428,-2.21209,-2.6055,S
1,19.47,4.96622,0.92953,-0.95974,-2.37084,-2.78419,S
1,19.635,4.84673,0.88439,-1.18459,-2.38636,-2.81238,S
1,19.802,4.81047,0.85815,-1.19846,-2.45454,-3.09107,S
1,19.968,4.6425,0.7068,-1.03505,-2.4955,-3.10902,S
1,20.134,4.57322,0.49163,-1.29646,-2.6657,-3.32865,S
1,20.301,4.37834,0.37996,-1.40107,-2.72167,-3.38133,S
1,20.466,4.30581,0.40515,-1.44027,-2.8074,-3.4872,S
1,20.633,4.26019,0.37471,-1.37948,-2.87075,-3.0711,S
2,0.238,-0.22312,-0.08322,-0.06866,-0.13669,-0.08393,S
2,0.404,-0.40696,-0.16021,-0.13012,-0.23814,-0.23232,S
2,0.569,-0.58557,-0.22685,-0.2027,-0.3691,-0.31734,S
2,0.735,-0.70592,-0.28963,-0.25501,-0.47972,-0.42569,S
2,0.901,-0.84606,-0.35685,-0.31026,-0.57916,-0.4885,S
2,1.066,-0.94938,-0.41164,-0.35375,-0.67258,-0.54116,S
2,1.232,-1.07083,-0.4688,-0.39854,-0.76056,-0.63441,S
2,1.396,-1.16508,-0.51944,-0.44529,-0.82819,-0.69915,S
2,1.562,-1.24147,-0.56889,-0.48093,-0.90155,-0.75647,S
2,1.727,-1.32171,-0.61953,-0.52245,-0.97692,-0.7913,S
2,1.893,-1.40717,-0.66484,-0.55514,-1.04197,-0.85329,S
2,2.058,-1.48026,-0.71341,-0.58718,-1.10588,-0.90184,S
2,2.224,-1.55281,-0.75872,-0.61661,-1.16606,-0.94381,S
2,2.39,-1.61875,-0.79604,-0.64799,-1.21477,-0.97014,S
2,2.555,-1.69102,-0.83187,-0.67578,-1.21047,-1.02664,S
2,2.721,-1.74131,-0.86652,-0.70324,-1.22939,-1.07985,S
2,2.886,-1.81385,-0.90679,-0.733,-1.27037,-1.12099,S
2,3.053,-1.88474,-0.94529,-0.76177,-1.32654,-1.17173,S
2,3.218,-1.93063,-0.97876,-0.79086,-1.39302,-1.18792,S
2,3.385,-1.97762,-1.01785,-0.81604,-1.43687,-1.23564,S
2,3.552,-2.04384,-1.05457,-0.84089,-1.50077,-1.26581,S
2,3.718,-2.10457,-1.091,-0.86148,-1.53946,-1.30695,S
2,3.884,-2.1326,-1.12091,-0.89221,-1.59935,-1.32314,S
2,4.048,-2.21558,-1.15615,-0.9017,-1.62801,-1.36922,S
2,4.214,-2.27301,-1.18754,-0.92099,-1.66784,-1.39335,S
2,4.379,-2.32495,-1.21656,-0.9406,-1.71427,-1.43724,S
2,4.545,-2.37661,-1.2444,-0.96055,-1.76728,-1.46906,S
2,4.71,-2.42799,-1.27313,-0.97264,-1.8011,-1.48963,S
2,4.876,-2.47086,-1.30304,-0.9831,-1.83921,-1.52007,S
2,5.042,-2.51428,-1.32969,-1.0037,-1.88506,-1.56094,R
2,5.207,-2.55687,-1.35338,-1.01612,-1.91916,-1.60839,R
2,5.373,-2.48322,-1.17599,-0.477,-0.79208,-1.4142,R
2,5.538,4.8645,2.94427,4.2332,7.13934,3.0193,R
2,5.703,3.48124,4.49695,4.05109,5.49041,5.36798,R
2,5.868,2.25982,3.79865,3.50053,4.72125,4.87098,R
2,6.034,1.56984,3.32274,3.22361,4.07733,4.45105,R
2,6.199,1.03704,2.97211,2.9807,3.56809,4.02235,R
2,6.365,0.72296,2.67833,2.80677,3.31104,3.74505,R
2,6.531,0.43718,2.42246,2.63709,2.91242,3.56128,R
2,6.697,0.20087,2.23559,2.51089,2.54991,3.37779,R
2,6.863,-0.00962,2.06087,2.41477,2.14498,3.25957,R
2,7.028,-0.18713,1.90628,2.31407,2.05099,3.10433,R
2,7.195,-0.37343,1.75821,2.22089,1.85812,3.00037,R
2,7.36,-0.55644,1.62761,2.13949,1.69421,2.8742,R
2,7.526,-0.7007,1.50649,2.05873,1.6475,2.7782,R
2,7.691,-0.82353,1.41113,1.99302,1.50392,2.66547,R
2,7.857,-0.95817,1.32495,1.91946,1.38672,2.55988,R
2,8.023,-1.07028,1.2444,1.85668,1.32625,2.47485,R
2,8.188,-1.17745,1.1597,1.79555,1.2526,2.41588,R
2,8.354,-1.27802,1.07382,1.72754,1.02822,2.37858,R
2,8.519,-1.37172,1.0066,1.67719,1.01159,2.28505,R
2,8.686,-1.45883,0.94589,1.62717,0.94224,2.21346,R
2,8.851,-1.53192,0.88666,1.58859,0.97319,2.12075,R
2,9.017,-1.59485,0.83779,1.54936,0.92075,2.04423,R
2,9.182,-1.67289,0.77797,1.49444,0.66714,2.00747,R
2,9.348,-1.73279,0.71637,1.45226,0.56254,1.95152,R
2,9.514,-1.79599,0.66455,1.41237,0.47628,1.91778,R
2,9.679,-1.85617,0.61539,1.3751,0.42756,1.85854,R
2,9.845,-1.91415,0.56208,1.33391,0.30634,1.83632,R
2,10.01,-1.96855,0.51055,1.29795,0.18627,1.81273,R
2,10.175,-2.02131,0.4608,1.26591,0.11148,1.79545,R
2,10.341,-2.07215,0.41993,1.2319,0.06906,1.73922,R
2,10.507,-2.12271,0.37403,1.19954,0.01347,1.68382,R
2,10.672,-2.17162,0.33524,1.16357,-0.07107,1.65584,R
2,10.837,-2.21971,0.29496,1.13709,-0.0854,1.61278,R
2,11.003,-2.26614,0.25587,1.10505,-0.12609,1.57575,R
2,11.168,-2.31121,0.21648,1.07628,-0.13354,1.52803,R
2,11.334,-2.34858,0.18835,1.05438,-0.06906,1.46741,R
2,11.499,-2.37414,0.15133,1.01809,-0.20719,1.44848,R
2,11.666,-2.41865,0.11461,0.99389,-0.18426,1.39911,R
2,11.831,-2.45327,0.07877,0.9661,-0.24588,1.36181,R
2,11.997,-2.46866,0.04709,0.94256,-0.23957,1.32231,R
2,12.163,-2.45959,0.01421,0.91739,-0.26852,1.29461,R
2,12.329,-2.4879,-0.02132,0.88796,-0.42011,1.28008,R
2,12.495,-2.52032,-0.0539,0.86835,-0.41295,1.24798,R
2,12.66,-2.55027,-0.07996,0.84514,-0.45536,1.20958,R
2,12.826,-2.58187,-0.10957,0.82323,-0.5058,1.17612,R
2,12.991,-2.61457,-0.1306,0.80492,-0.60925,1.16899,R
2,13.157,-2.647,-0.16288,0.7804,-0.69035,1.13306,R
2,13.322,-2.68437,-0.18894,0.75784,-0.75168,1.10673,R
2,13.488,-2.70607,-0.20908,0.74052,-0.72159,1.06696,R
2,13.654,-2.73218,-0.22685,0.72286,-0.7021,1.03816,R
2,13.82,-2.76405,-0.2532,0.70292,-0.83077,1.03432,R
2,13.987,-2.79978,-0.28696,0.6784,-0.89496,1.00607,R
2,14.153,-2.82753,-0.31095,0.66074,-0.93078,0.98303,R
2,14.321,-2.84951,-0.33139,0.64734,-0.91617,0.93997,R
2,14.486,-2.87507,-0.35152,0.63295,-0.91359,0.90623,R
2,14.652,-2.90392,-0.3767,0.61268,-1.0285,0.89389,R
2,14.817,-2.9281,-0.39565,0.60157,-1.00386,0.84753,R
2,14.983,-2.94211,-0.41342,0.58718,-0.98695,0.79542,R
2,15.148,-2.97729,-0.41283,0.5813,-0.82762,0.75702,S
2,15.315,-3.04186,-0.33672,0.70324,2.41608,0.60616,S
2,15.481,-2.04329,0.43296,2.32159,7.00608,0.36425,S
2,15.646,-0.53336,0.44185,4.33488,2.54332,5.15102,S
2,15.812,2.59121,-0.069,3.66367,0.83421,4.95463,S
2,15.977,2.09715,-0.42822,3.17163,0.70496,4.37233,S
2,16.143,1.40332,-0.61657,2.92675,0.54907,3.99218,S
2,16.308,0.92932,-0.7602,2.70182,0.48344,3.68827,S
2,16.474,1.05215,-0.90976,2.53639,0.25906,3.4886,S
2,16.639,1.54978,-1.03206,2.41248,0.11234,3.30565,S
2,16.805,1.00489,-1.13749,2.30819,0.03553,3.14437,S
2,16.971,0.62431,-1.21212,2.21337,-0.13727,3.0097,S
2,17.136,0.40091,-1.30511,2.12248,-0.30033,2.903,S
2,17.302,0.01869,-1.40846,2.02342,-0.45536,2.80783,S
2,17.468,-0.18878,-1.47332,1.95476,-0.46654,2.73322,S
2,17.634,-0.22258,-1.52574,1.89297,-0.54133,2.66849,S
2,17.799,-0.50203,-1.60747,1.82235,-0.83478,2.61089,S
2,17.966,-0.57622,-1.6593,1.77266,-0.8471,2.55329,S
2,18.132,-0.61304,-1.69217,1.73081,-0.8494,2.49679,S
2,18.297,-0.58969,-1.74399,1.68602,-0.91473,2.42822,S
2,18.464,-0.66745,-1.78368,1.64319,-0.98494,2.39394,S
2,18.629,-0.78423,-1.84083,1.60069,-1.06003,2.34374,S
2,18.796,-0.83837,-1.88822,1.54805,-1.18554,2.31302,S
2,18.961,-0.97191,-1.92879,1.50653,-1.1887,2.26091,S
2,19.128,-1.04555,-1.98121,1.47351,-1.24515,2.23156,S
2,19.294,-1.16289,-2.04369,1.43461,-1.30934,2.23622,S
2,19.461,-1.24944,-2.08456,1.40845,-1.33914,2.20331,S
2,19.628,-1.34479,-2.11891,1.37772,-1.39245,2.16354,S
2,19.794,-1.37447,-2.15208,1.35124,-1.41566,2.1224,S
2,19.96,-1.46185,-2.19562,1.31756,-1.45807,2.10868,S
2,20.125,-1.56187,-2.23826,1.27898,-1.57012,2.07741,S
2,20.291,-1.61958,-2.26758,1.24956,-1.61225,2.04231,S
2,20.456,-1.5932,-2.26758,1.29271,-1.43142,1.97428,S
2,20.623,-0.89992,-1.89592,2.00544,2.96142,2.33551,S
3,0.24,-0.06096,-0.03972,-0.02944,-0.03426,-0.07762,S
3,0.405,-0.12401,-0.08552,-0.05493,-0.05405,-0.16295,S
3,0.57,-0.18731,-0.13162,-0.08134,-0.09127,-0.19245,S
3,0.736,-0.26782,-0.17568,-0.10956,-0.11313,-0.29426,S
3,0.902,-0.33269,-0.20989,-0.13202,-0.15773,-0.41654,S
3,1.067,-0.38349,-0.2412,-0.14628,-0.1787,-0.54573,S
3,1.233,-0.44132,-0.29657,-0.17421,-0.21297,-0.62016,S
3,1.398,-0.5075,-0.33513,-0.1915,-0.26141,-0.62441,S
3,1.564,-0.4494,-0.34354,-0.17997,-0.24132,-0.71612,S
3,1.729,-0.50854,-0.3847,-0.20547,-0.31103,-0.79374,S
3,1.896,-0.57289,-0.4105,-0.19666,-0.30985,-0.80623,S
3,2.061,-0.60232,-0.44819,-0.217,-0.39049,-0.91416,S
3,2.228,-0.61144,-0.4795,-0.25493,-0.45931,-1.05876,S
3,2.395,-0.70028,-0.51748,-0.28802,-0.51455,-1.16801,S
3,2.561,-0.79876,-0.55864,-0.31381,-0.55413,-1.26796,S
3,2.727,-0.85347,-0.59227,-0.34022,-0.59962,-1.3828,S
3,2.892,-0.94126,-0.63547,-0.37148,-0.63831,-1.49497,S
3,3.058,-1.03166,-0.672,-0.39606,-0.68823,-1.5718,S
3,3.223,-1.10461,-0.70997,-0.42702,-0.71777,-1.65898,S
3,3.388,-1.16974,-0.74534,-0.44765,-0.74495,-1.7063,S
3,3.553,-1.22523,-0.78564,-0.47466,-0.79398,-1.7592,S
3,3.719,-1.29818,-0.81666,-0.49864,-0.84272,-1.82193,S
3,3.885,-1.34768,-0.84391,-0.5126,-0.87639,-1.88068,S
3,4.05,-1.39379,-0.8758,-0.52595,-0.89884,-1.9264,S
3,4.216,-1.40134,-0.89551,-0.49985,-0.88466,-1.99099,S
3,4.381,-1.43339,-0.92914,-0.51806,-0.92779,-2.05266,S
3,4.547,-1.48237,-0.96161,-0.5469,-0.97298,-2.09041,S
3,4.711,-1.48784,-0.94943,-0.40122,-0.75942,-2.10317,S
3,4.877,-1.4696,-0.98219,-0.44098,-0.79871,-2.16644,S
3,5.043,-1.44303,-1.04075,-0.47011,-0.84744,-2.18451,R
3,5.208,-1.23044,-1.02945,0.11806,-0.0384,-2.21774,R
3,5.374,0.71331,0.85551,0.94508,1.06514,-2.21641,R
3,5.539,3.90026,2.21805,2.41035,3.19925,-0.92186,R
3,5.705,7.16199,2.01077,5.83012,8.29247,7.48417,R
3,5.87,8.47606,4.17404,8.01831,8.7317,11.98052,R
3,6.037,7.6205,4.28449,8.14335,7.65327,12.20886,R
3,6.202,6.5891,3.75802,7.50904,6.86697,11.11634,R
3,6.368,5.85704,3.28258,7.08446,6.22009,10.43664,R
3,6.535,5.37403,2.98978,6.7406,5.82872,9.98979,R
3,6.7,4.94365,2.75409,6.44742,5.47367,9.57697,R
3,6.867,4.57371,2.53434,6.20675,5.15348,9.23247,R
3,7.033,4.28609,2.38011,5.99856,4.98364,8.79653,R
3,7.199,3.99639,2.20588,5.78793,4.64661,8.54745,R
3,7.365,3.77521,2.06875,5.63315,4.48001,8.24362,R
3,7.53,3.5879,1.93685,5.49567,4.35743,7.88051,R
3,7.695,3.35317,1.80204,5.35424,4.13147,7.67317,R
3,7.861,3.18748,1.67361,5.2377,4.05437,7.39698,R
3,8.027,3.02048,1.56258,5.10962,3.82959,7.23802,R
3,8.192,2.88032,1.46662,5.00826,3.70819,7.14525,R
3,8.358,2.75605,1.38545,4.92206,3.58088,7.02404,R
3,8.523,2.64846,1.30776,4.83617,3.48045,6.94376,R
3,8.689,2.54112,1.24572,4.75636,3.41695,6.84514,R
3,8.854,2.43613,1.17179,4.66986,3.27753,6.74918,R
3,9.019,2.35251,1.11091,4.59641,3.22849,6.63009,R
3,9.184,2.23084,1.04481,4.5345,3.20191,6.50834,R
3,9.351,2.13315,0.98277,4.48594,3.19039,6.33556,R
3,9.517,2.03441,0.92711,4.42039,3.11595,6.23402,R
3,9.682,1.92108,0.84913,4.34664,2.98924,6.16039,R
3,9.848,1.84605,0.80071,4.30809,2.9727,6.0607,R
3,10.013,1.76034,0.74766,4.24133,2.88822,6.0094,R
3,10.179,1.68166,0.69809,4.1952,2.88024,5.89191,R
3,10.344,1.628,0.65605,4.14573,2.85513,5.84619,R
3,10.51,1.53942,0.5943,4.08867,2.7039,5.83981,R
3,10.676,1.45319,0.55082,4.04041,2.65398,5.81562,R
3,10.842,1.39014,0.50559,3.99155,2.56596,5.80764,R
3,11.01,1.32996,0.4653,3.96454,2.60259,5.68643,R
3,11.175,1.28176,0.43312,3.92569,2.59077,5.61678,R
3,11.342,1.22653,0.38731,3.87106,2.42683,5.63247,R
3,11.508,1.1614,0.35194,3.84132,2.42063,5.57372,R
3,11.674,1.11216,0.31947,3.81036,2.41029,5.42832,R
3,11.839,1.10018,0.29802,3.80642,2.47557,5.30444,R
3,12.005,1.06475,0.26584,3.78335,2.50038,5.18323,R
3,12.17,1.00587,0.22178,3.72873,2.28801,5.14123,R
3,12.337,0.93267,0.18119,3.69382,2.25876,5.07929,R
3,12.503,0.87405,0.14234,3.65922,2.20825,5.02905,R
3,12.668,0.82846,0.11016,3.63221,2.18462,4.96605,R
3,12.835,0.79824,0.08233,3.6313,2.55001,4.88232,R
3,13,0.749,0.04465,3.57425,2.17045,4.87833,R
3,13.167,0.68595,0.00667,3.5442,2.08213,4.84139,R
3,13.332,0.6388,-0.02754,3.50991,2.01389,4.79885,R
3,13.499,0.5992,-0.05769,3.48836,1.99499,4.75287,R
3,13.665,0.55908,-0.0919,3.46408,1.97934,4.70954,R
3,13.832,0.50385,-0.13017,3.4225,1.84287,4.73187,R
3,13.998,0.46737,-0.15742,3.40004,1.82338,4.69093,R
3,14.164,0.43038,-0.18003,3.38062,1.79886,4.63777,R
3,14.33,0.40693,-0.20496,3.36302,1.79118,4.58859,R
3,14.495,0.37697,-0.2241,3.34693,1.7454,4.57902,R
3,14.661,0.31888,-0.25599,3.31506,1.70257,4.503,R
3,14.826,0.29465,-0.28034,3.29564,1.68159,4.46445,R
3,14.992,0.26469,-0.30759,3.28745,1.77966,4.35733,R
3,15.157,0.29126,-0.31368,3.35421,2.41709,4.34324,S
3,15.323,0.5213,-0.18409,3.55148,3.41163,3.4857,S
3,15.489,1.09393,0.3618,5.31448,8.79491,3.20393,S
3,15.655,5.35267,2.77293,8.03652,5.18361,28.67802,S
3,15.821,7.27141,6.69388,8.23166,4.13619,27.44515,S
3,15.986,5.99772,5.7256,7.39281,3.5094,25.3986,S
3,16.152,5.03118,5.11535,6.88961,3.19364,24.14844,S
3,16.317,4.47627,4.70253,6.52694,3.10473,23.12132,S
3,16.483,4.08002,4.36276,6.24681,2.93725,22.28531,S
3,16.648,3.77547,4.11634,6.01312,2.91096,21.5761,S
3,16.814,3.46259,3.89457,5.8201,2.7937,21.39694,S
3,16.98,3.29768,3.69221,5.64438,2.54203,20.5503,S
3,17.146,3.38964,3.54523,5.50234,2.52017,20.45248,S
3,17.312,3.07623,3.40173,5.37305,2.40882,20.29378,S
3,17.477,2.88423,3.28142,5.26653,2.44101,20.0261,S
3,17.644,2.70239,3.1556,5.17153,2.37692,19.72041,S
3,17.809,2.54164,3.0292,5.02222,2.21387,19.47134,S
3,17.975,2.41112,2.92948,4.92449,2.1669,19.26533,S
3,18.14,2.2707,2.83149,4.83648,2.12082,19.07207,S
3,18.307,2.11673,2.73553,4.7603,2.07415,18.90062,S
3,18.473,1.95599,2.64943,4.67047,1.99735,18.72066,S
3,18.639,1.77259,2.54275,4.5952,1.83165,18.56356,S
3,18.806,1.64337,2.47056,4.5433,1.80683,18.4466,S
3,18.971,1.59465,2.40707,4.51144,1.81747,18.30784,S
3,19.138,1.94661,2.35025,4.47684,1.84405,18.19407,S
3,19.303,1.99533,2.28589,4.42706,1.77966,18.08774,S
3,19.469,1.90233,2.21487,4.38002,1.67923,18.00055,S
3,19.635,1.76373,2.16036,4.33146,1.70375,17.89263,S
3,19.8,1.72231,2.11108,4.2914,1.75603,17.77115,S
3,19.966,1.66786,2.05571,4.26318,1.87595,17.65339,S
3,20.131,1.58084,1.99483,4.20248,1.73565,17.52819,S
3,20.297,1.47898,1.94236,4.14967,1.75928,17.42851,S
3,20.462,1.37138,1.8864,4.10749,1.74983,17.31686,S
3,20.629,1.33908,1.84495,4.09322,2.05525,17.29719,S
4,0.237,-0.0838,-0.09828,-0.08467,-0.06995,-0.25302,S
4,0.403,-0.23129,-0.19825,-0.16441,-0.12357,-0.42223,S
4,0.569,-0.56936,-0.36149,-0.23401,-0.16331,-0.65099,S
4,0.735,-0.69623,-0.46683,-0.30772,-0.21857,-0.74784,S
4,0.901,-0.81606,-0.4753,-0.3543,-0.24796,-0.86783,S
4,1.067,-0.81214,-0.44791,-0.42116,-0.2907,-1.05929,S
4,1.232,-0.83694,-0.4801,-0.48692,-0.34187,-1.18647,S
4,1.397,-0.82519,-0.4705,-0.54227,-0.38324,-1.2404,S
4,1.563,-0.92988,-0.58177,-0.60502,-0.42216,-1.40826,S
4,1.728,-0.94449,-0.6744,-0.66777,-0.46871,-1.54376,S
4,1.894,-1.00845,-0.74472,-0.72011,-0.50872,-1.6905,S
4,2.059,-1.09173,-0.82352,-0.77245,-0.54519,-1.79567,S
4,2.225,-1.11731,-0.88508,-0.81684,-0.57731,-1.89386,S
4,2.392,-1.22617,-0.92829,-0.86671,-0.61569,-2.00824,S
4,2.557,-1.26246,-1.00709,-0.92151,-0.65107,-2.09498,S
4,2.724,-1.30214,-1.05905,-0.96535,-0.68727,-2.18576,S
4,2.889,-1.4016,-1.13615,-1.01248,-0.7183,-2.24284,S
4,3.055,-1.44024,-1.198,-1.05359,-0.75314,-2.33902,S
4,3.22,-1.54388,-1.26436,-1.10126,-0.79343,-2.4334,S
4,3.386,-1.58095,-1.32311,-1.14264,-0.82664,-2.508,S
4,3.551,-1.64882,-1.38834,-1.18457,-0.8563,-2.55586,S
4,3.716,-1.73288,-1.47307,-1.23087,-0.88978,-2.62058,S
4,3.882,-1.77517,-1.54508,-1.26677,-0.92571,-2.6826,S
4,4.047,-1.82764,-1.59648,-1.30705,-0.95974,-2.75383,S
4,4.213,-1.86262,-1.64054,-1.34349,-0.99376,-2.80462,S
4,4.378,-1.92214,-1.69759,-1.37501,-1.0256,-2.85113,S
4,4.544,-1.97592,-1.74814,-1.40871,-1.06017,-2.88214,S
4,4.709,-2.02056,-1.80462,-1.44077,-1.08766,-2.9554,S
4,4.875,-2.06938,-1.84642,-1.47557,-1.1176,-2.99045,S
4,5.041,-2.11219,-1.89471,-1.49968,-1.147,-3.04528,R
4,5.206,-2.04484,-1.90375,-1.4953,-1.17449,-3.11315,R
4,5.372,-1.94277,-1.79304,-1.43392,-1.18511,-2.91922,R
4,5.537,0.91813,2.94275,1.73177,0.55417,0.74829,R
4,5.703,12.13537,6.90613,8.64653,2.79047,3.19876,R
4,5.868,9.96209,5.33225,7.19069,1.83183,2.07925,R
4,6.034,8.32946,4.50251,6.27083,1.26268,1.50849,R
4,6.199,7.42595,4.00886,5.70937,0.86474,1.10715,R
4,6.365,6.76079,3.64963,5.29204,0.55799,0.66222,R
4,6.532,6.24338,3.37795,4.96186,0.28444,0.22583,R
4,6.698,5.78757,3.13168,4.67195,0.07159,-0.01933,R
4,6.864,5.42601,2.91902,4.43383,-0.11568,-0.28156,R
4,7.03,5.13337,2.7363,4.21298,-0.25368,-0.29437,R
4,7.197,4.86553,2.56601,4.00966,-0.36936,-0.0964,R
4,7.362,4.65225,2.41096,3.83785,-0.51199,-0.22201,R
4,7.528,4.46011,2.27625,3.66769,-0.64726,-0.17662,R
4,7.693,4.28965,2.14973,3.51259,-0.78118,-0.37055,R
4,7.859,4.13066,2.03281,3.36572,-0.89958,-0.33482,R
4,8.025,3.95784,1.92041,3.23063,-1.01036,-0.54807,R
4,8.19,3.8033,1.81874,3.09609,-1.11053,-0.41504,R
4,8.356,3.65476,1.71594,2.9769,-1.20933,-0.51661,R
4,8.521,3.52449,1.62952,2.86071,-1.29534,-0.57144,R
4,8.687,3.39867,1.53915,2.76152,-1.38734,-0.72604,R
4,8.852,3.27806,1.45697,2.66918,-1.47798,-0.90311,R
4,9.018,3.16137,1.37055,2.5667,-1.55991,-0.93457,R
4,9.183,3.05434,1.29571,2.47654,-1.63694,-0.86761,R
4,9.348,2.95644,1.22963,2.38859,-1.70635,-0.91008,R
4,9.514,2.86559,1.15789,2.30446,-1.77467,-0.86941,R
4,9.679,2.77762,1.10169,2.23075,-1.84299,-0.9494,R
4,9.845,2.69251,1.03448,2.15485,-1.90695,-1.03592,R
4,10.01,2.60872,0.96472,2.08196,-1.96683,-1.15614,R
4,10.176,2.52857,0.90033,2.01949,-2.02617,-1.28355,R
4,10.34,2.45496,0.85035,1.95893,-2.08551,-1.41051,R
4,10.506,2.38604,0.80121,1.89947,-2.14539,-1.54129,R
4,10.671,2.31164,0.74303,1.84275,-2.20064,-1.66039,R
4,10.838,2.24533,0.69276,1.78521,-2.25399,-1.74218,R
4,11.004,2.18241,0.63599,1.73533,-2.30135,-1.8469,R
4,11.169,2.12968,0.59448,1.68519,-2.35089,-1.95386,R
4,11.335,2.0699,0.53941,1.62545,-2.40342,-2.01903,R
4,11.5,2.01403,0.49931,1.58435,-2.44942,-2.12711,R
4,11.666,1.95921,0.45101,1.5353,-2.49624,-2.19677,R
4,11.832,1.90857,0.40865,1.48872,-2.53598,-2.25116,R
4,11.998,1.85949,0.36516,1.44351,-2.5768,-2.30936,R
4,12.164,1.81407,0.32393,1.39473,-2.61981,-2.29542,R
4,12.33,1.76786,0.28383,1.35254,-2.65955,-2.35183,R
4,12.497,1.72609,0.24231,1.31226,-2.69874,-2.41677,R
4,12.663,1.6898,0.20842,1.28047,-2.73522,-2.50328,R
4,12.829,1.65065,0.17792,1.24512,-2.77414,-2.58058,R
4,12.998,1.60131,0.13132,1.1958,-2.81442,-2.59451,R
4,13.164,1.56476,0.10929,1.16511,-2.84872,-2.67541,R
4,13.33,1.52769,0.07964,1.12784,-2.88465,-2.73788,R
4,13.497,1.49662,0.04942,1.10044,-2.91486,-2.78799,R
4,13.663,1.46321,0.02513,1.07167,-2.94916,-2.86214,R
4,13.829,1.42118,-0.01497,1.03002,-2.98481,-2.89945,R
4,13.997,1.39612,-0.03191,1.01796,-3.01149,-2.86686,R
4,14.162,1.37706,-0.05902,0.99001,-3.04143,-3.02686,R
4,14.329,1.34782,-0.0771,0.96426,-3.06919,-3.09202,R
4,14.493,1.31754,-0.10534,0.9396,-3.10131,-3.16798,R
4,14.659,1.27342,-0.14488,0.89986,-3.13016,-3.20191,R
4,14.824,1.25176,-0.16606,0.87411,-3.15548,-3.31291,R
4,14.99,1.21025,-0.21012,0.82862,-3.16391,-2.88754,R
4,15.155,1.46869,0.11212,1.27609,-2.42438,-0.28808,S
4,15.321,2.23724,1.97492,5.87049,-0.13038,7.88871,S
4,15.487,4.15833,3.61602,5.57949,0.17583,11.4897,S
4,15.652,3.59811,2.75071,4.40479,-0.4091,10.58726,S
4,15.818,3.78973,2.32511,3.83675,-0.75342,9.52168,S
4,15.984,3.58689,1.84303,3.24132,-1.10155,8.25993,S
4,16.15,3.05225,1.38919,2.8155,-1.33889,7.55209,S
4,16.315,2.74786,1.18331,2.60725,-1.50819,7.22985,S
4,16.481,2.70035,1.04973,2.52587,-1.62551,6.85818,S
4,16.646,2.55912,0.89384,2.35981,-1.7548,6.53302,S
4,16.812,2.41762,0.72326,2.17869,-1.8947,6.08832,S
4,16.978,2.21113,0.55353,2.03702,-2.00875,5.88338,S
4,17.143,1.99994,0.41261,1.91399,-2.10429,5.64497,S
4,17.309,1.88142,0.30388,1.77698,-2.19492,5.43104,S
4,17.475,1.74985,0.1573,1.54188,-2.29863,5.19936,S
4,17.641,1.63211,0.04293,1.41885,-2.38954,5.08678,S
4,17.806,1.45877,-0.06185,1.33527,-2.45895,5.01353,S
4,17.972,1.41622,-0.05931,1.54599,-2.4467,5.28678,S
4,18.138,1.35226,-0.16747,1.24293,-2.53924,5.01465,S
4,18.303,1.24993,-0.23384,1.11962,-2.6092,4.85016,S
4,18.469,1.10974,-0.3132,1.06345,-2.65302,4.91061,S
4,18.634,1.0095,-0.33184,0.97768,-2.71616,4.58658,S
4,18.8,0.90325,-0.40809,0.89384,-2.79047,4.65444,S
4,18.966,0.81579,-0.39679,0.87274,-2.82912,4.40523,S
4,19.133,0.71555,-0.50778,0.71408,-2.90098,4.02682,S
4,19.298,0.56414,-0.62922,0.59406,-2.95868,3.81222,S
4,19.465,0.47903,-0.67384,0.51652,-3.00768,3.67088,S
4,19.63,0.37357,-0.74952,0.40472,-3.06184,3.55268,S
4,19.797,0.30256,-0.80205,0.32087,-3.10812,3.44482,S
4,19.964,0.23312,-0.85599,0.22332,-3.15874,3.34145,S
4,20.129,0.16368,-0.917,0.15071,-3.19658,3.24842,S
4,20.296,0.10416,-0.97348,0.08467,-3.23931,3.16079,S
4,20.463,0.0389,-1.01386,0.02959,-3.26653,3.22325,S
4,20.63,0.03054,-0.99607,0.02603,-3.28204,3.46504,S
4,20.796,0.11173,-0.8848,0.06001,-3.28477,4.45849,S
5,0.239,-0.21758,-0.20001,-0.17854,-0.19017,-0.3481,S
5,0.404,-0.38241,-0.34994,-0.31981,-0.37871,-0.58489,S
5,0.57,-0.51058,-0.51712,-0.44856,-0.5395,-0.74982,S
5,0.735,-0.66064,-0.62847,-0.58427,-0.69403,-0.89307,S
5,0.901,-0.78828,-0.71165,-0.71414,-0.83904,-1.03359,S
5,1.066,-0.92068,-0.84079,-0.83928,-0.97589,-1.34086,S
5,1.232,-1.03724,-0.97075,-0.93189,-1.10267,-1.50967,S
5,1.396,-1.12375,-1.08594,-1.03033,-1.22782,-1.70015,S
5,1.562,-1.23399,-1.21426,-1.12544,-1.33501,-1.84614,S
5,1.727,-1.33394,-1.18991,-1.20581,-1.42207,-1.87534,S
5,1.893,-1.44365,-1.36174,-1.30982,-1.5211,-2.14908,S
5,2.058,-1.53015,-1.48732,-1.36738,-1.61551,-2.25949,S
5,2.224,-1.59213,-1.58582,-1.41188,-1.70474,-2.36419,S
5,2.39,-1.65727,-1.67009,-1.44581,-1.78881,-2.2531,S
5,2.555,-1.73639,-1.7229,-1.50309,-1.87288,-2.52022,S
5,2.721,-1.8192,-1.80498,-1.55343,-1.95531,-2.63998,S
5,2.886,-1.86535,-1.88624,-1.61461,-2.03339,-2.75381,S
5,3.052,-1.93708,-1.95574,-1.67523,-2.10794,-2.8259,S
5,3.217,-2.01673,-2.01593,-1.73308,-2.1716,-2.89912,S
5,3.383,-2.09321,-2.07202,-1.79036,-2.24043,-2.96779,S
5,3.549,-2.13093,-2.13413,-1.83875,-2.31062,-3.08572,S
5,3.714,-2.17312,-2.17736,-1.89242,-2.37565,-3.12473,S
5,3.88,-2.22429,-2.2236,-1.94526,-2.42788,-3.17993,S
5,4.046,-2.29892,-2.28187,-2.00616,-2.48692,-3.31019,S
5,4.212,-2.36248,-2.34836,-2.05344,-2.5446,-3.38957,S
5,4.379,-2.36459,-2.43591,-2.0946,-2.59575,-3.4612,S
5,4.545,-2.39597,-2.47422,-2.13798,-2.6507,-3.52279,S
5,4.71,-2.46718,-2.51718,-2.18553,-2.69967,-3.52576,S
5,4.876,-2.53786,-2.54837,-2.22836,-2.75,-3.58894,S
5,5.042,-2.58797,-2.61075,-2.24087,-2.79517,-3.60651,R
5,5.207,-2.61539,-2.67942,-2.25533,-2.82809,-3.61883,R
5,5.373,-2.67447,-2.43017,-2.09821,-2.27335,3.29513,R
5,5.538,7.9013,10.45257,2.20333,5.14143,5.15405,R
5,5.703,9.42987,8.11981,1.52812,2.9331,2.80902,R
5,5.868,7.45217,6.59883,0.38154,1.94361,1.65635,R
5,6.034,6.43814,5.70414,-0.21552,1.30699,1.64084,R
5,6.199,5.75429,5.13695,-0.57704,0.79687,0.69028,R
5,6.365,5.21365,4.64446,-0.86904,0.39612,0.34514,R
5,6.531,4.76768,4.18344,-1.14129,0.0672,-0.11999,R
5,6.696,4.42246,3.87043,-1.39464,-0.21575,-0.30682,R
5,6.862,4.11153,3.58205,-1.5957,-0.46196,-0.27534,R
5,7.027,3.8565,3.33553,-1.75282,-0.67852,-0.71286,R
5,7.193,3.61097,3.10899,-1.91578,-0.89862,-0.61728,R
5,7.358,3.36333,2.87013,-2.06178,-1.08961,-1.07944,R
5,7.524,3.17529,2.67778,-2.21223,-1.24713,-1.25281,R
5,7.69,2.97064,2.49474,-2.33348,-1.37255,-1.56122,R
5,7.855,2.84589,2.3749,-2.39688,-1.4977,-1.86576,R
5,8.021,2.68133,2.20882,-2.49894,-1.65305,-1.95039,R
5,8.186,2.49487,2.02277,-2.61157,-1.78038,-1.72843,R
5,8.352,2.36063,1.89582,-2.71447,-1.90852,-1.66319,R
5,8.517,2.24143,1.76394,-2.79734,-2.01897,-1.83405,R
5,8.683,2.13514,1.66708,-2.85963,-2.12426,-2.18968,R
5,8.849,2.03757,1.55709,-2.94445,-2.23173,-2.12034,R
5,9.015,1.91045,1.42713,-3.0162,-2.32205,-2.33841,R
5,9.18,1.82526,1.33903,-3.07765,-2.40884,-2.42852,R
5,9.347,1.75195,1.27911,-3.1291,-2.48746,-2.60759,R
5,9.513,1.68338,1.20934,-3.1875,-2.56255,-2.71731,R
5,9.678,1.59872,1.11303,-3.25842,-2.65288,-2.50015,R
5,9.844,1.49508,1.01508,-3.32488,-2.72307,-2.55855,R
5,10.009,1.42361,0.94449,-3.37104,-2.78755,-2.62538,R
5,10.175,1.35794,0.878,-3.41665,-2.84115,-2.71846,R
5,10.34,1.29174,0.81507,-3.46198,-2.90372,-2.87905,R
5,10.506,1.22634,0.73792,-3.52121,-2.98398,-2.59162,R
5,10.671,1.1546,0.68128,-3.55709,-3.0403,-2.6961,R
5,10.837,1.09869,0.62628,-3.59797,-3.09716,-2.84597,R
5,11.003,1.05069,0.58989,-3.63217,-3.14776,-3.00177,R
5,11.168,1.00349,0.539,-3.67111,-3.20326,-2.99835,R
5,11.334,0.93518,0.46021,-3.72506,-3.26175,-2.94954,R
5,11.499,0.88956,0.40904,-3.7676,-3.31399,-2.85532,R
5,11.665,0.84604,0.35186,-3.79792,-3.35834,-3.08344,R
5,11.83,0.81123,0.32559,-3.82517,-3.4035,-3.32091,R
5,11.996,0.7722,0.26731,-3.86966,-3.4639,-3.13317,R
5,12.161,0.70626,0.19754,-3.90887,-3.50552,-3.31042,R
5,12.327,0.67251,0.1565,-3.93891,-3.54932,-3.38045,R
5,12.493,0.63743,0.12258,-3.96143,-3.58578,-3.5326,R
5,12.658,0.60684,0.09029,-3.98702,-3.62169,-3.63251,R
5,12.824,0.56332,0.02873,-4.02679,-3.67719,-3.5034,R
5,12.989,0.52218,-0.01204,-4.05376,-3.71256,-3.58894,R
5,13.155,0.48922,-0.05007,-4.07962,-3.74657,-3.65282,R
5,13.32,0.46179,-0.07716,-4.10437,-3.77949,-3.7468,R
5,13.486,0.43832,-0.09604,-4.1205,-3.80778,-3.84056,R
5,13.651,0.40166,-0.15267,-4.15471,-3.85621,-3.82801,R
5,13.818,0.3803,-0.18167,-4.17557,-3.88777,-3.88207,R
5,13.984,0.3563,-0.21451,-4.2031,-3.91933,-3.91903,R
5,14.149,0.33388,-0.24378,-4.22507,-3.94817,-3.96488,R
5,14.315,0.31331,-0.25801,-4.25149,-3.99061,-3.87044,R
5,14.481,0.27507,-0.32723,-4.27846,-4.0238,-3.95758,R
5,14.647,0.25503,-0.35186,-4.30015,-4.05645,-4.02738,R
5,14.813,0.23683,-0.36745,-4.31294,-4.08012,-4.14874,R
5,14.979,0.21916,-0.37484,-4.32685,-4.10243,-4.2247,R
5,15.145,0.20254,-0.38387,-4.34798,-4.13834,-4.29131,S
5,15.312,0.16852,-0.37703,-4.33825,-4.12637,-2.90186,S
5,15.479,2.07291,2.61102,-1.32372,-1.19163,0.11702,S
5,15.645,8.91138,8.32118,2.77815,-1.42588,5.68601,S
5,15.812,8.67745,7.26041,1.21944,-2.08781,4.01986,S
5,15.977,7.50281,6.5556,0.46302,-2.46298,3.07705,S
5,16.144,6.85008,5.95339,0.05673,-2.67736,2.36237,S
5,16.309,6.35506,5.52028,-0.25974,-2.86209,1.71885,S
5,16.475,5.92387,5.05405,-0.49723,-3.01309,1.49393,S
5,16.64,5.57654,4.71861,-0.74418,-3.14041,0.84722,S
5,16.806,5.30569,4.44446,-0.94246,-3.26012,0.47243,S
5,16.972,4.86605,4.05812,-1.11265,-3.36378,0.12501,S
5,17.137,4.53613,3.81434,-1.25364,-3.45029,-0.09512,S
5,17.303,4.32224,3.59108,-1.38907,-3.53572,-0.26393,S
5,17.468,4.13922,3.47863,-1.47834,-3.60782,-0.32415,S
5,17.634,4.08093,3.42746,-1.51088,-3.65733,-0.25435,S
5,17.799,4.06405,3.44525,-1.50615,-3.71283,-0.49935,S
5,17.965,3.77554,3.21898,-1.65577,-3.78575,-0.61682,S
5,18.131,3.63365,3.13908,-1.73057,-3.8339,-0.68389,S
5,18.296,3.55532,3.0425,-1.82207,-3.90736,-0.72564,S
5,18.462,3.40948,2.9585,-1.84292,-3.9498,-0.19664,S
5,18.627,3.35252,3.29066,-1.77868,-4.01129,-0.03239,S
5,18.794,3.2014,3.0124,-1.91356,-4.07903,-1.09313,S
5,18.959,3.02918,2.69639,-2.05705,-4.13154,-1.39812,S
5,19.125,2.93662,2.53441,-2.15661,-4.18921,-1.65338,S
5,19.29,2.75095,2.34809,-2.22391,-4.23084,-1.81489,S
5,19.456,2.65917,2.237,-2.29037,-4.27002,-1.97731,S
5,19.623,2.59588,2.15957,-2.3471,-4.29885,-2.07768,S
5,19.788,2.54762,2.1199,-2.42136,-4.34511,-2.15478,S
5,19.955,2.42261,2.02222,-2.48559,-4.38564,-2.25766,S
5,20.12,2.31817,1.9281,-2.55289,-4.42972,-2.31081,S
5,20.288,2.24644,1.90785,-2.59071,-4.45611,-2.38769,S
5,20.454,2.22798,1.86435,-2.6455,-4.48467,-2.45384,S
5,20.62,2.19,1.77899,-2.70362,-4.53392,-2.49627,S
5,20.787,2.08055,1.68924,-2.74478,-4.56167,-2.56425,S
5,20.954,2.02438,1.61127,-2.78927,-4.59078,-2.58889,S
5,21.12,1.99827,1.59759,-2.81986,-4.60873,-2.57634,S
