0422_4,0.238,-0.06979,-0.08375,0.02608,-0.14224,-0.01948,2
0422_4,0.404,-0.0063,-0.21031,0.04727,-0.22615,-0.17641,2
0422_4,0.569,0.00957,-0.29432,0.13066,-0.30208,-0.16592,2
0422_4,0.735,0.03955,-0.37253,0.13338,-0.397,-0.19717,2
0422_4,0.901,0.02267,-0.42775,0.14017,-0.47239,-0.16741,2
0422_4,1.066,-0.0136,-0.46896,0.09942,-0.54859,-0.12588,2
0422_4,1.232,-0.04736,-0.52286,0.09155,-0.61077,-0.13338,2
0422_4,1.397,-0.04359,-0.56725,0.07389,-0.69001,-0.2158,2
0422_4,1.563,-0.097,-0.61428,0.00869,-0.77062,-0.25048,2
0422_4,1.728,-0.1106,-0.65391,0.11681,-0.83362,-0.07664,2
0422_4,1.894,-0.12849,-0.69777,0.08095,-0.91588,-0.08071,2
0422_4,2.059,-0.19979,-0.73079,-0.00842,-0.98246,-0.12845,2
0422_4,2.225,-0.23985,-0.77756,-0.0546,-1.06225,-0.24748,2
0422_4,2.391,-0.36481,-0.80583,-0.32353,-1.14479,-0.23592,2
0422_4,2.556,-0.38345,-0.84519,-0.30615,-1.19844,-0.42239,2
0422_4,2.722,-0.37363,-0.87505,-0.32706,-1.24658,-0.51423,2
0422_4,2.888,-0.50589,-0.92683,-0.5873,-1.37451,-0.70156,2
0422_4,3.054,-0.5462,-0.96514,-0.55144,-1.3935,-0.73774,2
0422_4,3.22,-0.53159,-0.97439,-0.54493,-1.42926,-0.72982,2
0422_4,3.386,-0.53386,-1.00556,-0.48,-1.49034,-0.83129,2
0422_4,3.551,-0.54948,-1.03225,-0.44496,-1.52473,-0.88225,2
0422_4,3.717,-0.5331,-1.07426,-0.37759,-1.54894,-0.91457,2
0422_4,3.886,-0.49859,-1.10491,-0.38764,-1.56022,-0.85185,2
0422_4,4.051,-0.54822,-1.1308,-0.42486,-1.61167,-0.96595,2
0422_4,4.217,-0.53839,-1.16699,-0.43138,-1.66614,-0.97816,2
0422_4,4.382,-0.57669,-1.19183,-0.39851,-1.69476,-1.07664,2
0422_4,4.548,-0.50086,-1.21746,-0.3401,-1.72502,-1.1171,2
0422_4,4.713,-0.52932,-1.23674,-0.30751,-1.71264,-1.0974,2
0422_4,4.878,-0.50615,-1.2592,-0.29039,-1.74951,-1.09526,2
0422_4,5.044,-0.46886,-1.2843,-0.1198,-1.73245,-1.14022,2
0422_4,5.209,-0.39101,-1.29011,0.16788,-1.64551,-1.16206,2
0422_4,5.375,0.52605,-1.16884,8.99507,7.88612,6.45147,2
0422_4,5.54,6.93035,1.81324,12.88832,10.9697,10.40242,2
0422_4,5.705,12.7504,4.18025,20.3005,14.24669,15.75734,2
0422_4,5.87,17.54505,5.81172,20.31788,16.43171,25.85918,2
0422_4,6.036,18.38149,7.89841,18.85669,14.87589,23.93498,0
0422_4,6.201,16.55644,8.66539,17.33682,13.63151,21.60958,0
0422_4,6.367,14.98636,7.67304,16.32195,12.99928,20.10863,0
0422_4,6.533,13.95794,7.08915,15.52222,12.34174,19.03328,0
0422_4,6.698,13.35203,6.65083,14.84038,11.8036,18.46873,0
0422_4,6.864,12.732,6.30182,14.29545,11.33891,17.31952,0
0422_4,7.03,12.21477,5.99138,13.84262,10.96502,16.72672,0
0422_4,7.197,11.73987,5.69784,13.43841,10.62524,16.30133,0
0422_4,7.363,11.36271,5.45187,13.06,10.16139,15.69504,0
0422_4,7.529,11.06391,5.24077,12.71229,9.87663,15.29192,0
0422_4,7.694,10.7951,5.05239,12.39256,9.6249,14.92626,0
0422_4,7.86,10.59178,4.88779,12.11684,9.41305,14.57345,0
0422_4,8.026,10.38141,4.72663,11.86176,9.19708,14.24804,0
0422_4,8.191,10.16399,4.58501,11.6113,9.0045,14.11316,0
0422_4,8.357,9.99796,4.44868,11.37361,8.82622,13.82457,0
0422_4,8.522,9.80145,4.32345,11.16553,8.63335,13.5863,0
0422_4,8.688,9.63164,4.20588,10.96723,8.62015,13.50623,0
0422_4,8.853,9.47267,4.08593,10.79718,8.47213,13.14421,0
0422_4,9.02,9.27867,3.97074,10.64886,8.33044,12.8385,0
0422_4,9.185,9.09425,3.86056,10.4932,8.16372,12.59315,0
0422_4,9.352,8.94385,3.75145,10.34081,8.02286,12.36151,0
0422_4,9.518,8.79671,3.65369,10.20553,7.8897,12.18853,0
0422_4,9.684,8.65865,3.55593,10.07595,7.76589,11.98601,0
0422_4,9.851,8.52689,3.46426,9.9529,7.65832,11.81602,0
0422_4,10.017,8.40066,3.38314,9.82278,7.52186,11.70192,0
0422_4,10.184,8.29082,3.29384,9.6875,7.42612,11.56126,0
0422_4,10.35,8.17921,3.22277,9.58237,7.31139,11.43966,0
0422_4,10.516,8.07415,3.14034,9.47235,7.20574,11.29451,0
0422_4,10.681,7.97589,3.07191,9.37021,7.10092,11.1789,0
0422_4,10.847,7.87285,3.00665,9.25395,6.98317,11.06651,0
0422_4,11.013,7.7877,2.94034,9.16675,6.89513,10.9387,0
0422_4,11.178,7.69851,2.87798,9.07167,6.79333,10.77364,0
0422_4,11.344,7.62116,2.81352,8.96817,6.70915,10.66253,0
0422_4,11.509,7.53525,2.75196,8.88315,6.62606,10.5527,0
0422_4,11.675,7.4511,2.69542,8.79269,6.53664,10.59467,0
0422_4,11.84,7.37376,2.7221,8.71391,6.47144,10.43432,0
0422_4,12.006,7.29188,2.7295,8.63378,6.39578,10.39835,0
0422_4,12.171,7.23544,3.28856,8.55119,6.33003,10.38893,0
0422_4,12.337,7.1455,3.09014,8.50366,6.2761,10.22408,0
0422_4,12.503,7.05002,2.93083,8.41157,6.18834,10.00443,0
0422_4,12.668,6.97292,2.82329,8.34094,6.13386,9.87255,0
0422_4,12.834,6.90011,2.73505,8.26787,6.06728,9.81625,0
0422_4,12.999,6.84091,2.66847,8.21109,6.01996,9.73725,0
0422_4,13.165,6.77188,2.5871,8.14725,5.96521,9.62507,0
0422_4,13.33,6.69755,2.51048,8.06495,5.88598,9.43347,0
0422_4,13.496,6.63457,2.45605,7.99975,5.8293,9.31743,0
0422_4,13.661,6.5741,2.40162,7.93157,5.76823,9.21039,0
0422_4,13.827,6.51691,2.35856,7.87724,5.71485,9.11983,0
0422_4,13.994,6.45998,2.29964,7.81747,5.6623,9.02221,0
0422_4,14.16,6.39674,2.23967,7.75255,5.59655,8.93829,0
0422_4,14.326,6.34509,2.18603,7.69632,5.54428,8.85993,0
0422_4,14.491,6.29747,2.13795,7.64444,5.49971,8.77515,0
0422_4,14.657,6.25011,2.10254,7.59337,5.45679,8.69573,0
0422_4,14.822,6.19997,2.0608,7.53904,5.39681,8.62251,0
0422_4,14.988,6.15337,2.01166,7.48552,5.35141,8.54715,0
0422_4,15.153,6.1123,1.96912,7.45374,5.33243,10.37437,0
0422_4,15.319,7.01374,2.38815,9.36424,7.99562,14.15812,0
0422_4,15.485,10.64469,4.05634,12.73267,16.67987,12.24676,0
0422_4,15.65,13.68509,5.49731,10.7241,17.22379,10.71177,0
0422_4,15.816,12.7766,5.62942,12.33851,16.43171,10.35874,0
0422_4,15.981,11.98929,5.24447,11.40377,14.72072,9.43796,0
0422_4,16.147,10.98229,4.5792,10.75806,13.58364,8.26927,2
0422_4,16.312,10.83692,4.1253,10.33592,13.24056,7.49107,2
0422_4,16.478,10.43507,3.76545,10.15147,12.84191,6.93038,2
0422_4,16.643,10.12519,3.51261,9.97028,12.39621,6.48829,2
0422_4,16.809,10.01711,3.33876,9.90536,12.15135,6.07318,2
0422_4,16.98,9.77902,3.13453,9.88607,12.06028,5.71758,2
0422_4,17.145,9.62459,3.01114,9.65164,11.88531,5.60669,2
0422_4,17.311,9.39406,2.85817,9.52424,11.55268,5.30654,2
0422_4,17.476,9.46939,2.762,9.46094,11.27729,5.11836,2
0422_4,17.642,9.20964,2.65077,9.21918,11.03215,4.88051,2
0422_4,17.807,9.03354,2.5398,9.05347,10.8082,4.65508,2
0422_4,17.973,9.21166,2.56834,8.96546,10.65303,4.47631,2
0422_4,18.138,9.1391,2.45261,8.83018,10.46127,4.29242,2
0422_4,18.304,8.81712,2.31127,8.57428,10.22742,4.11323,2
0422_4,18.47,8.65991,2.22328,8.43004,10.0142,3.95587,2
0422_4,18.635,8.4639,2.10783,8.23228,9.88819,3.86146,2
0422_4,18.801,8.30014,2.04415,8.0606,9.75255,3.745,2
0422_4,18.966,8.11975,1.91892,7.95955,9.57565,3.6219,2
0422_4,19.132,8.05248,1.84759,7.89924,9.41608,3.53391,2
0422_4,19.297,7.92324,1.75221,7.79112,9.28925,3.40096,2
0422_4,19.463,7.80886,1.69329,7.62107,9.1902,3.38362,2
0422_4,19.629,7.67835,1.67136,7.5116,9.10684,3.2389,2
0422_4,19.795,7.63527,1.57862,7.45157,8.99487,3.16183,2
0422_4,19.961,7.50704,1.49751,7.30678,8.9038,3.01882,2
0422_4,20.127,7.48285,1.43173,7.23914,8.78082,2.90985,2
0422_4,20.294,7.39341,1.37439,7.15194,8.69993,2.92163,2
0422_4,20.459,7.23217,1.32446,7.01394,8.60089,2.77904,2
0422_4,20.626,7.07017,1.24599,6.95934,8.49194,2.68485,2
0422_5,0.239,-0.06606,-0.14471,-0.06584,-0.13218,-0.19636,1
0422_5,0.405,-0.24232,-0.2553,-0.0856,-0.22104,-0.33353,1
0422_5,0.57,-0.28232,-0.43489,-0.15381,-0.34162,-0.49936,1
0422_5,0.736,-0.37109,-0.60227,-0.18594,-0.428,-0.64146,1
0422_5,0.902,-0.43612,-0.73826,-0.23678,-0.40482,-0.79179,1
0422_5,1.067,-0.56696,-0.87252,-0.2618,-0.49284,-0.874,1
0422_5,1.233,-0.50606,-0.92183,-0.29156,-0.50388,-1.01328,1
0422_5,1.398,-0.59844,-1.10092,-0.30683,-0.64627,-1.13143,1
0422_5,1.564,-0.66941,-1.17639,-0.35108,-0.76327,-1.29068,1
0422_5,1.73,-0.78605,-1.32459,-0.42325,-0.87641,-1.33906,1
0422_5,1.896,-0.85418,-1.39856,-0.44484,-0.89159,-1.4504,1
0422_5,2.062,-0.94063,-1.54427,-0.49778,-1.00004,-1.53284,1
0422_5,2.228,-1.0054,-1.62024,-0.54598,-1.07813,-1.64911,1
0422_5,2.394,-1.14347,-1.74777,-0.60787,-1.18051,-1.60871,1
0422_5,2.558,-1.24514,-1.81826,-0.66371,-1.27571,-1.73601,1
0422_5,2.724,-1.34088,-1.94803,-0.69479,-1.3607,-1.76561,1
0422_5,2.889,-1.38011,-1.98987,-0.70216,-1.43493,-1.90536,1
0422_5,3.054,-1.41082,-2.08427,-0.68741,-1.4835,-1.90231,1
0422_5,3.219,-1.49701,-2.11092,-0.76616,-1.53207,-2.01223,1
0422_5,3.385,-1.5112,-2.18191,-0.75299,-1.6005,-2.07636,1
0422_5,3.551,-1.57675,-2.2524,-0.80251,-1.67722,-2.18064,1
0422_5,3.717,-1.65288,-2.36025,-0.84491,-1.72551,-2.21024,1
0422_5,3.883,-1.78191,-2.41156,-0.94684,-1.78097,-2.18745,1
0422_5,4.049,-1.85933,-2.49998,-0.95263,-1.85686,-2.276,1
0422_5,4.215,-1.92358,-2.55602,-1.00741,-1.91039,-2.37912,1
0422_5,4.38,-1.98913,-2.61954,-0.9874,-1.94985,-2.41318,1
0422_5,4.546,-2.00668,-2.62402,-1.07299,-2.01553,-2.35375,1
0422_5,4.71,-2.02087,-2.66064,-1.05008,-2.06548,-2.45992,1
0422_5,4.876,-2.05623,-2.68679,-1.07431,-2.07238,-2.56961,1
0422_5,5.042,-2.07481,-2.76251,-1.0593,-2.13833,-2.6551,1
0422_5,5.207,-2.08539,-2.81332,-1.07589,-2.1088,-2.74929,1
0422_5,5.373,-0.74838,-2.15775,1.30819,5.86584,15.85617,1
0422_5,5.538,5.92275,4.48562,2.44703,20.32529,36.06611,1
0422_5,5.703,13.60547,6.03587,8.50758,20.14178,33.49016,1
0422_5,5.868,12.3002,4.55536,8.2708,18.24629,30.13205,1
0422_5,6.034,9.21715,3.66018,6.46905,16.95264,27.52345,2
0422_5,6.199,7.64608,3.13538,5.06868,15.97992,26.01199,2
0422_5,6.365,6.69873,2.2915,3.92009,15.2241,24.94609,2
0422_5,6.531,6.3181,2.22899,3.11363,14.54775,23.95912,2
0422_5,6.696,5.61746,1.71863,2.57003,14.01185,23.19059,2
0422_5,6.863,5.07889,1.41525,2.18945,13.49473,22.60879,2
0422_5,7.028,4.70367,1.31438,1.79807,13.07777,22.06433,2
0422_5,7.194,4.34393,1.1587,1.49124,12.69447,21.61571,2
0422_5,7.359,3.9042,0.98136,1.14095,12.39728,21.04541,2
0422_5,7.525,3.7073,0.71859,0.83016,12.07994,20.75322,2
0422_5,7.691,3.48124,0.53825,0.53123,11.86056,20.7302,2
0422_5,7.857,3.24769,0.42866,0.17936,11.61358,20.13219,2
0422_5,8.023,3.20485,0.87799,-0.10798,11.36937,19.66196,2
0422_5,8.189,3.06189,0.27473,-0.34476,11.11301,19.46724,2
0422_5,8.356,3.03169,0.23139,-0.45748,10.8986,18.70082,2
0422_5,8.522,2.78499,-0.08792,-0.60234,10.69164,18.39548,2
0422_5,8.689,2.5739,-0.24609,-0.74456,10.50261,18.00557,2
0422_5,8.855,2.42293,-0.13126,-0.91813,10.33152,17.62459,2
0422_5,9.022,2.21648,-0.34123,-0.99609,10.20293,17.5088,2
0422_5,9.189,2.113,-0.51783,-1.14226,10.02439,16.93193,2
0422_5,9.355,1.93442,-0.82693,-1.03243,9.82875,16.67215,2
0422_5,9.521,1.93339,-0.88024,-1.24682,9.77466,16.45606,2
0422_5,9.686,1.77546,-1.00303,-1.36692,9.6204,16.19933,2
0422_5,9.852,1.61494,-1.28723,-1.41249,9.41593,15.8308,2
0422_5,10.017,1.60178,-1.19482,-1.57473,9.30831,16.02505,2
0422_5,10.182,1.55894,-1.33256,-1.67402,9.18247,16.15705,2
0422_5,10.347,1.5672,-1.42696,-1.59237,9.02601,15.34107,2
0422_5,10.513,1.4263,-1.68625,-1.60317,8.88914,14.93708,2
0422_5,10.678,1.29546,-1.82025,-1.72406,8.77379,14.69773,2
0422_5,10.844,1.1365,-1.83694,-1.58711,8.64189,14.46802,2
0422_5,11.01,1.39766,-1.70867,-1.52758,8.53372,14.30148,2
0422_5,11.175,1.40875,-1.82548,-1.61055,8.43824,14.14388,2
0422_5,11.341,1.21934,-1.99635,-1.79912,8.35849,14.07623,2
0422_5,11.506,1.19534,-1.95425,-1.94767,8.27488,13.94799,2
0422_5,11.672,1.20437,-2.00307,-1.90026,8.18188,13.72931,2
0422_5,11.837,1.15818,-2.19661,-1.78938,8.12835,13.63301,2
0422_5,12.003,0.93908,-2.30321,-1.91843,8.0337,13.49373,2
0422_5,12.168,0.77108,-2.37594,-1.94582,7.94512,13.39296,2
0422_5,12.334,0.67354,-2.49575,-1.98717,7.87337,13.30488,2
0422_5,12.499,0.53831,-2.75429,-1.74171,7.79583,13.21022,2
0422_5,12.665,0.35045,-2.86388,-1.96373,7.72464,13.0747,2
0422_5,12.831,0.15664,-2.92416,-2.10201,7.67469,12.97323,2
0422_5,12.996,0.04413,-2.94309,-2.21078,7.61729,12.92202,2
0422_5,13.163,-0.05058,-3.03301,-2.24449,7.54168,12.80364,2
0422_5,13.328,-0.11587,-3.06015,-2.26662,7.46,12.69536,2
0422_5,13.495,-0.13961,-3.00785,-2.2545,7.3786,12.60376,2
0422_5,13.66,-0.18271,-3.10324,-2.2811,7.3074,12.60963,2
0422_5,13.827,-0.22787,-3.10897,-2.34036,7.24586,12.62631,2
0422_5,13.993,-0.2338,-3.14932,-2.29822,7.17577,12.35666,2
0422_5,14.159,-0.29858,-3.26788,-2.37091,7.09878,12.27751,2
0422_5,14.326,-0.33058,-3.25991,-2.39962,7.04028,12.25637,2
0422_5,14.491,-0.37961,-3.29105,-2.45361,6.98951,12.15091,2
0422_5,14.657,-0.42786,-3.39317,-2.39251,6.9299,12.05296,2
0422_5,14.822,-0.44825,-3.48832,-2.33193,6.85512,11.98438,2
0422_5,14.988,-0.47277,-3.66915,-2.16127,6.79662,11.93904,2
0422_5,15.153,-0.53496,-3.78248,-2.23949,6.73646,13.58885,2
0422_5,15.319,2.17648,6.99905,3.02909,12.23557,24.2142,2
0422_5,15.486,7.04402,6.09216,5.48955,15.20727,19.61334,2
0422_5,15.651,8.52219,4.42584,5.10212,11.05617,15.71054,2
0422_5,15.817,6.48145,3.13413,5.27674,9.46836,13.98698,2
0422_5,15.982,5.62314,2.35577,4.88036,8.60546,12.91568,2
0422_5,16.148,5.04612,1.85637,4.76974,8.03839,12.16171,2
0422_5,16.313,4.62444,1.54652,4.68599,7.69483,11.68396,2
0422_5,16.479,4.31245,1.27477,4.44553,7.28533,11.14937,2
0422_5,16.645,4.01465,0.91685,4.34597,7.0585,10.70474,2
0422_5,16.811,3.65052,0.64884,4.13079,6.75992,10.25776,2
0422_5,16.977,3.34911,0.43165,4.00174,6.43927,10.09522,2
0422_5,17.142,3.12718,0.25231,3.72783,6.21602,9.67596,1
0422_5,17.308,3.1184,0.08319,3.90692,6.30736,9.35464,1
0422_5,17.473,2.97441,-0.08244,3.76602,6.02452,9.02557,1
0422_5,17.639,2.86008,-0.22616,3.59377,5.80376,8.76649,1
0422_5,17.804,2.55532,-0.36838,3.38096,5.53195,8.74864,1
0422_5,17.97,2.49235,-0.48894,3.35015,5.3719,8.41511,1
0422_5,18.136,2.34113,-0.59056,3.1534,5.18232,8.20959,1
0422_5,18.301,2.13132,-0.73502,2.92953,4.99109,8.02521,1
0422_5,18.467,1.81649,-0.8217,2.76598,4.79213,7.89179,1
0422_5,18.632,1.74268,-0.90315,2.65246,4.61856,7.64893,1
0422_5,18.799,1.58346,-0.99033,2.50787,4.5308,7.48662,1
0422_5,18.964,1.44488,-1.09917,2.44597,4.44526,7.21228,1
0422_5,19.131,1.46088,-1.14625,2.4091,4.32053,7.05632,1
0422_5,19.296,1.41262,-1.20105,2.30296,4.17345,7.01193,1
0422_5,19.463,1.18759,-1.32907,2.21763,4.00181,6.81885,1
0422_5,19.629,1.08489,-1.40828,2.13651,3.87267,6.65373,1
0422_5,19.795,1.04076,-1.46631,2.12308,3.74987,6.50153,1
0422_5,19.962,1.00902,-1.54926,2.04933,3.63038,6.61756,1
0422_5,20.128,0.91405,-1.59409,1.9503,3.52276,6.36154,1
0422_5,20.295,0.83973,-1.65312,1.90316,3.40052,6.24856,1
0422_5,20.461,0.73212,-1.74677,1.85312,3.29759,6.10434,1
0422_5,20.628,0.68102,-1.79036,1.81809,3.14444,6.05596,1
0422_5,0.238,-0.22129,-0.24059,-0.17595,-0.20106,-0.31262,0
0422_5,0.404,-0.43797,-0.46582,-0.31885,-0.32221,-0.54768,0
0422_5,0.569,-0.63531,-0.65064,-0.4804,-0.49807,-0.78165,0
0422_5,0.735,-0.83081,-0.83971,-0.64303,-0.61591,-1.01085,0
0422_5,0.9,-1.01457,-0.99285,-0.78539,-0.79126,-1.2181,0
0422_5,1.065,-1.16954,-1.14553,-0.91628,-0.95924,-1.3882,0
0422_5,1.231,-1.31899,-1.28993,-1.02772,-1.09998,-1.53202,0
0422_5,1.396,-1.45991,-1.4159,-1.13836,-1.24428,-1.71081,0
0422_5,1.562,-1.60084,-1.54494,-1.24926,-1.3807,-1.86376,0
0422_5,1.726,-1.73624,-1.66287,-1.34737,-1.49472,-2.04711,0
0422_5,1.892,-1.85344,-1.76969,-1.43508,-1.60161,-2.13662,0
0422_5,2.057,-1.95983,-1.86943,-1.52439,-1.71181,-2.17333,0
0422_5,2.223,-2.05263,-1.96302,-1.61316,-1.82965,-2.18419,0
0422_5,2.389,-2.15924,-2.06653,-1.69501,-1.92458,-2.40014,0
0422_5,2.554,-2.26424,-2.13507,-1.76939,-2.02104,-2.48682,0
0422_5,2.72,-2.3605,-2.2159,-1.8355,-2.09535,-2.64802,0
0422_5,2.885,-2.46343,-2.32036,-1.90375,-2.1007,-2.76402,0
0422_5,3.051,-2.56313,-2.41277,-1.9584,-2.15745,-2.82029,0
0422_5,3.217,-2.6336,-2.48934,-2.01812,-2.32568,-2.88829,0
0422_5,3.385,-2.72179,-2.57371,-2.06717,-2.25493,-3.02581,0
0422_5,3.551,-2.80331,-2.62807,-2.11542,-2.34146,-3.124,0
0422_5,3.717,-2.89403,-2.69401,-2.18954,-2.56721,-3.16723,0
0422_5,3.883,-2.98982,-2.78524,-2.25885,-2.65959,-3.24436,0
0422_5,4.049,-3.0391,-2.83463,-2.29058,-2.68403,-3.3117,0
0422_5,4.216,-3.12246,-2.90577,-2.34283,-2.79983,-3.36688,0
0422_5,4.381,-3.19523,-2.958,-2.39775,-2.91588,-3.43206,0
0422_5,4.547,-3.26983,-3.02275,-2.4652,-3.04085,-3.49767,0
0422_5,4.712,-3.34283,-3.08467,-2.51692,-3.13247,-3.56306,0
0422_5,4.878,-3.39924,-3.1473,-2.55211,-3.1905,-3.53742,0
0422_5,5.043,-3.4278,-3.12722,-2.53638,-3.22384,-1.99628,0
0422_5,5.209,-2.96657,-2.56166,-2.29538,-1.51482,2.61282,0
0422_5,5.375,5.60868,3.71073,8.10366,12.41789,4.38186,0
0422_5,5.539,3.79623,3.85939,7.53955,12.27231,0.93351,0
0422_5,5.705,1.77285,1.68036,7.30121,8.33,-0.30414,0
0422_5,5.87,-0.28761,0.10186,8.01275,6.47236,-1.30522,0
0422_5,6.036,-0.57429,-1.05643,7.7387,5.51185,-1.99584,2
0422_5,6.201,-0.85637,-1.69099,7.98476,5.02345,-2.50159,2
0422_5,6.367,-1.13546,-2.13578,7.68751,4.3256,-2.93065,2
0422_5,6.533,-1.47695,-2.47043,7.50249,3.99626,-3.2991,2
0422_5,6.698,-1.8516,-2.85755,7.27136,3.60687,-3.4716,2
0422_5,6.864,-2.0943,-3.06199,7.07274,3.31495,-3.79442,2
0422_5,7.029,-2.29349,-3.2728,6.94025,2.99733,-3.96909,2
0422_5,7.195,-2.40033,-3.47936,6.86,2.75147,-4.1557,2
0422_5,7.36,-2.56475,-3.6611,6.70351,2.56237,-4.31755,2
0422_5,7.526,-2.7485,-3.80479,6.48197,2.38015,-4.53632,2
0422_5,7.691,-2.95736,-3.9915,6.32201,2.20479,-4.64494,2
0422_5,7.857,-3.05798,-4.09714,6.11407,2.02206,-4.88174,2
0422_5,8.023,-3.27996,-4.25833,5.9877,1.8495,-5.0362,2
0422_5,8.188,-3.38658,-4.35097,5.86214,1.79071,-5.14635,2
0422_5,8.354,-3.43471,-4.44858,5.75817,1.6123,-5.30928,2
0422_5,8.519,-3.56619,-4.58589,5.54116,1.51152,-5.472,2
0422_5,8.685,-3.7184,-4.71375,5.38707,1.34456,-5.61343,2
0422_5,8.85,-3.89133,-4.80663,5.24737,1.21145,-5.53348,2
0422_5,9.016,-3.98413,-4.89124,5.16739,1.07987,-5.76029,2
0422_5,9.181,-3.97354,-4.95245,5.10848,0.98341,-5.89085,2
0422_5,9.347,-3.99956,-5.03659,5.00504,0.86176,-6.04314,2
0422_5,9.513,-4.09973,-5.12474,4.8976,0.74647,-6.0981,2
0422_5,9.678,-4.16927,-5.14506,4.81522,0.71007,-6.13395,2
0422_5,9.845,-4.10871,-5.22258,4.73551,0.63423,-6.21846,2
0422_5,10.01,-4.17042,-5.28781,4.6494,0.50011,-6.32122,2
0422_5,10.176,-4.22269,-5.38282,4.58862,0.3642,-6.40594,2
0422_5,10.342,-4.26437,-5.41591,4.5209,0.25425,-6.31948,2
0422_5,10.508,-4.33598,-5.50241,4.44519,0.14481,-6.51934,2
0422_5,10.673,-4.39816,-5.56858,4.39827,0.01222,-6.61211,2
0422_5,10.838,-4.4251,-5.64941,4.33615,-0.099,-6.74202,2
0422_5,11.004,-4.49993,-5.717,4.30843,-0.19241,-6.67598,2
0422_5,11.169,-4.52066,-5.74512,4.21645,-0.29854,-6.86151,2
0422_5,11.335,-4.56142,-5.81768,4.20019,-0.35224,-6.94949,2
0422_5,11.5,-4.63004,-5.87984,4.18579,-0.46473,-7.09505,2
0422_5,11.666,-4.69589,-5.9479,4.20152,-0.53039,-7.18086,2
0422_5,11.831,-4.7104,-5.95688,4.13114,-0.59631,-7.19542,2
0422_5,11.997,-4.72537,-6.04078,4.11621,-0.6948,-7.2884,2
0422_5,12.162,-4.7378,-6.08687,4.02717,-0.79406,-7.3968,2
0422_5,12.328,-4.87113,-6.18944,3.94133,-0.89306,-7.4837,2
0422_5,12.494,-4.93906,-6.2549,3.84136,-0.98367,-7.38811,2
0422_5,12.659,-5.02495,-6.31612,3.71206,-1.06435,-7.54866,2
0422_5,12.826,-5.12304,-6.37331,3.63874,-1.15342,-7.61557,2
0422_5,12.991,-5.12489,-6.43192,3.58196,-1.28602,-7.68031,2
0422_5,13.157,-5.15828,-6.45555,3.51531,-1.37434,-7.72354,2
0422_5,13.323,-5.25913,-6.47139,3.44786,-1.41582,-7.77329,2
0422_5,13.489,-5.26351,-6.59381,3.40974,-1.44076,-7.84759,2
0422_5,13.654,-5.34295,-6.6607,3.35349,-1.52144,-7.95274,2
0422_5,13.821,-5.39016,-6.72025,3.35136,-1.5642,-8.04333,2
0422_5,13.988,-5.35838,-6.75948,3.29724,-1.59983,-7.95904,2
0422_5,14.153,-5.3197,-6.8103,3.29857,-1.68153,-8.10828,2
0422_5,14.319,-5.43414,-6.88971,3.19007,-1.77264,-8.14152,2
0422_5,14.485,-5.54075,-6.95588,3.13728,-1.80242,-8.25797,2
0422_5,14.652,-5.59464,-7.00386,3.08956,-1.85688,-8.31271,2
0422_5,14.818,-5.62918,-7.02182,3.03544,-1.84492,-8.34617,2
0422_5,14.984,-5.36068,-7.01993,3.50678,-1.71232,-8.10937,2
0422_5,15.149,-2.70498,-6.20291,5.25217,3.52517,-6.9571,2
0422_5,15.315,-1.93818,-2.55268,9.19243,9.25819,-3.16658,2
0422_5,15.481,6.04873,5.0276,5.97704,9.72394,2.1427,2
0422_5,15.646,8.75739,6.02778,6.86293,8.75528,12.11778,2
0422_5,15.812,8.10803,3.65921,5.9957,5.13213,16.43077,2
0422_5,15.977,5.94327,1.60638,4.31083,3.55266,13.81795,2
0422_5,16.144,4.44352,0.29069,3.32043,2.57026,13.3059,2
0422_5,16.31,3.44599,-0.53247,2.60969,1.85408,12.307,0
0422_5,16.476,2.63567,-1.24408,2.02905,1.28933,11.51101,0
0422_5,16.641,1.95108,-1.8016,1.58064,0.81824,10.70134,0
0422_5,16.808,1.36228,-2.2686,1.16155,0.42146,10.04829,0
0422_5,16.975,0.8566,-2.6588,0.81498,0.05396,9.86841,0
0422_5,17.14,0.44465,-2.95469,0.52679,-0.25043,9.53168,0
0422_5,17.307,0.07392,-3.30612,0.25833,-0.52734,9.0368,0
0422_5,17.473,-0.26619,-3.59611,0.01893,-0.7821,8.68877,0
0422_5,17.64,-0.56324,-3.84001,-0.19755,-1.03152,8.39027,0
0422_5,17.805,-0.83243,-4.06997,-0.40362,-1.2509,8.11676,0
0422_5,17.972,-1.07974,-4.30536,-0.59584,-1.44433,7.98706,0
0422_5,18.138,-1.30862,-4.48048,-0.75873,-1.62121,7.78654,0
0422_5,18.305,-1.53014,-4.66837,-0.91495,-1.79453,7.52498,0
0422_5,18.471,-1.739,-4.84917,-1.07118,-1.95945,7.15892,0
0422_5,18.636,-1.92022,-5.00019,-1.20341,-2.09561,6.93233,0
0422_5,18.802,-2.09569,-5.13159,-1.33004,-2.23584,6.70639,0
0422_5,18.967,-2.25411,-5.23889,-1.44467,-2.36335,6.55019,0
0422_5,19.133,-2.41254,-5.3684,-1.56384,-2.49086,6.35033,0
0422_5,19.298,-2.56636,-5.49153,-1.66595,-2.60284,6.14329,0
0422_5,19.464,-2.70498,-5.61892,-1.76779,-2.71635,6.04466,0
0422_5,19.63,-2.836,-5.77608,-1.86349,-2.84437,5.8398,0
0422_5,19.795,-2.97209,-5.93207,-1.96746,-2.95584,5.41117,0
0422_5,19.961,-3.08746,-6.04953,-2.05331,-3.04034,5.32992,0
0422_5,20.126,-3.1943,-6.13744,-2.13302,-3.13527,4.92476,0
0422_5,20.292,-3.28918,-6.23387,-2.21167,-3.22027,4.91607,0
0422_5,20.458,-3.39395,-6.33597,-2.29271,-3.30553,4.78137,0
0422_5,20.623,-3.49619,-6.43783,-2.37909,-3.39614,4.43595,0
0422_5,20.788,-3.58899,-6.51322,-2.4532,-3.46994,4.26954,0
0422_5,20.954,-3.69169,-6.55269,-2.51558,-3.53968,4.10921,0
0422_5,21.12,-3.77896,-6.59499,-2.5841,-3.60941,3.95519,0
0422_5,21.286,-3.85587,-6.66637,-2.64541,-3.68526,4.10118,0
0422_4,0.238,-0.06428,-0.04838,-0.06392,-0.05707,-0.17397,0
0422_4,0.404,-0.12502,-0.07097,-0.1189,-0.12396,-0.19491,0
0422_4,0.569,-0.19714,-0.122,-0.18308,-0.1742,-0.38737,0
0422_4,0.735,-0.25535,-0.16506,-0.24068,-0.22799,-0.52927,0
0422_4,0.901,-0.30546,-0.20493,-0.29066,-0.27413,-0.60634,0
0422_4,1.065,-0.3586,-0.24586,-0.33748,-0.32109,-0.72484,0
0422_4,1.231,-0.41858,-0.28414,-0.39114,-0.37133,-0.77586,0
0422_4,1.397,-0.4616,-0.31205,-0.43244,-0.41283,-0.90684,0
0422_4,1.563,-0.52208,-0.34846,-0.47584,-0.44997,-0.97812,0
0422_4,1.727,-0.57953,-0.387,-0.51267,-0.48355,-1.04828,0
0422_4,1.893,-0.63166,-0.42049,-0.55581,-0.53215,-1.17013,0
0422_4,2.058,-0.70961,-0.46382,-0.60737,-0.56983,-1.2726,0
0422_4,2.224,-0.76174,-0.49173,-0.64972,-0.60642,-1.35702,0
0422_4,2.39,-0.81818,-0.52229,-0.68575,-0.64027,-1.43543,0
0422_4,2.555,-0.8736,-0.54994,-0.71969,-0.67167,-1.4958,0
0422_4,2.721,-0.92725,-0.58183,-0.76282,-0.71372,-1.55839,0
0422_4,2.886,-0.98799,-0.61612,-0.80886,-0.74567,-1.60963,0
0422_4,3.053,-1.03076,-0.64031,-0.84121,-0.77707,-1.67289,0
0422_4,3.218,-1.07454,-0.66503,-0.87909,-0.86198,-1.72457,0
0422_4,3.384,-1.113,-0.68762,-0.91223,-0.91604,-1.77647,0
0422_4,3.55,-1.14287,-0.71287,-0.94774,-0.96191,-1.78984,0
0422_4,3.716,-1.19525,-0.74184,-0.97984,-0.98867,-1.83104,0
0422_4,3.883,-1.22916,-0.76683,-1.0093,-1.01816,-1.86936,0
0422_4,4.049,-1.26889,-0.78995,-1.03823,-1.04109,-1.86802,0
0422_4,4.215,-1.28889,-0.81387,-1.06138,-1.06703,-1.88428,0
0422_4,4.38,-1.33773,-0.84231,-1.10057,-1.10253,-1.99588,0
0422_4,4.546,-1.36354,-0.86996,-1.12477,-1.12601,-2.0567,0
0422_4,4.711,-1.37923,-0.88936,-1.1516,-1.14976,-2.08164,0
0422_4,4.877,-1.42808,-0.90717,-1.17054,-1.17079,-2.01994,0
0422_4,5.042,-1.45667,-0.94146,-1.1787,-1.17243,-0.3074,0
0422_4,5.208,1.10516,2.15535,-0.24384,2.92642,4.17131,0
0422_4,5.373,8.46293,6.86316,2.66436,3.92083,9.12114,0
0422_4,5.538,7.43369,5.57218,1.14424,3.15714,5.80878,0
0422_4,5.704,6.14354,4.62382,0.22043,2.68342,4.63664,0
0422_4,5.869,5.40255,3.92557,-0.27304,2.38827,4.01983,0
0422_4,6.035,4.9374,3.68555,-0.50136,2.18594,3.56631,1
0422_4,6.2,4.70711,3.28499,-0.79386,1.91782,3.17448,1
0422_4,6.366,4.39938,2.99022,-1.0377,1.71741,2.75615,1
0422_4,6.531,4.03926,2.76031,-1.24393,1.53174,2.39216,1
0422_4,6.697,3.84794,2.52162,-1.43437,1.38349,2.15471,1
0422_4,6.863,3.80567,2.52109,-1.41491,1.26007,1.91012,1
0422_4,7.028,3.56677,2.32892,-1.57536,1.16041,1.6838,1
0422_4,7.194,3.34458,2.0695,-1.74739,1.0654,1.44078,1
0422_4,7.359,3.1816,1.93315,-1.87366,0.9641,1.23273,1
0422_4,7.525,2.9875,1.70509,-1.95204,0.87154,1.05519,1
0422_4,7.691,2.82199,1.60808,-1.99544,0.79836,0.91307,1
0422_4,7.857,2.71874,1.51797,-2.11802,0.7757,0.80994,1
0422_4,8.024,2.48692,1.28301,-2.32662,0.6998,0.63908,1
0422_4,8.19,2.27865,1.13389,-2.36318,0.63618,0.49541,1
0422_4,8.357,2.20374,1.07754,-2.38685,0.57638,0.39806,1
0422_4,8.523,2.07113,1.07595,-2.4826,0.51331,0.29181,1
0422_4,8.689,1.96003,1.0515,-2.55467,0.45406,0.18088,1
0422_4,8.854,1.91524,0.99727,-2.6207,0.37898,0.04745,1
0422_4,9.02,1.81072,0.86039,-2.72328,0.32055,-0.04277,1
0422_4,9.185,1.72493,0.78862,-2.75748,0.26649,-0.13254,1
0422_4,9.351,1.68975,0.73998,-2.82324,0.21242,-0.22966,1
0422_4,9.517,1.74239,0.74344,-2.93924,0.15044,-0.32544,1
0422_4,9.682,1.7019,0.66556,-3.00658,0.09065,-0.39205,1
0422_4,9.848,1.61408,0.5696,-3.01789,0.04369,-0.47848,1
0422_4,10.013,1.54145,0.47339,-3.09207,-0.01229,-0.53951,1
0422_4,10.18,1.48881,0.38009,-3.14415,-0.05625,-0.52726,1
0422_4,10.346,1.34684,0.26872,-3.21202,-0.10812,-0.62149,1
0422_4,10.513,1.31799,0.22832,-3.2662,-0.15836,-0.68074,1
0422_4,10.68,1.27041,0.21795,-3.32302,-0.20778,-0.76049,1
0422_4,10.846,1.23347,0.17676,-3.36011,-0.25174,-0.84424,1
0422_4,11.013,1.14489,0.07921,-3.4043,-0.29024,-0.89815,1
0422_4,11.178,1.07125,5.32E-04,-3.43376,-0.32628,-0.95718,1
0422_4,11.344,1.0138,-0.05422,-3.45717,-0.36287,-0.99727,1
0422_4,11.508,0.9933,-0.08638,-3.46638,-0.39836,-1.05541,1
0422_4,11.675,0.93358,-0.15868,-3.48295,-0.43713,-1.1091,1
0422_4,11.84,0.86424,-0.21237,-3.50137,-0.48055,-1.15743,1
0422_4,12.006,0.74909,-0.28547,-3.53582,-0.52068,-1.2129,1
0422_4,12.171,0.66355,-0.36042,-3.55792,-0.55563,-1.25812,1
0422_4,12.337,0.60205,-0.41438,-3.59369,-0.59768,-1.30312,1
0422_4,12.503,0.52993,-0.48295,-3.63131,-0.63673,-1.36014,1
0422_4,12.668,0.4702,-0.52043,-3.66787,-0.67359,-1.40892,1
0422_4,12.834,0.43553,-0.52282,-3.70207,-0.69488,-1.39756,1
0422_4,12.998,0.35151,-0.60097,-3.75494,-0.73147,-1.47219,1
0422_4,13.164,0.32545,-0.6427,-3.80123,-0.77051,-1.533,1
0422_4,13.329,0.28116,-0.66901,-3.83543,-0.80464,-1.59626,1
0422_4,13.495,0.24194,-0.70941,-3.88199,-0.84068,-1.65975,1
0422_4,13.66,0.18474,-0.77693,-3.91434,-0.874,-1.7112,1
0422_4,13.826,0.14577,-0.77453,-3.91224,-0.8942,-1.70385,1
0422_4,13.992,0.15058,-0.77693,-3.95538,-0.92396,-1.75976,1
0422_4,14.158,0.08832,-0.84524,-3.99773,-0.95973,-1.82704,1
0422_4,14.324,0.06808,-0.84949,-3.85568,-0.96492,-1.82191,1
0422_4,14.489,0.09262,-0.84098,-3.97379,-1.00505,-1.91814,1
0422_4,14.656,0.041,-0.87182,-4.01719,-1.02963,-1.99276,1
0422_4,14.821,0.0086,-0.90637,-4.0648,-1.06185,-2.05179,1
0422_4,14.988,-0.03847,-0.97946,-4.09979,-1.09898,-2.1135,1
0422_4,15.154,-0.11894,-1.07063,-4.09742,-1.12301,-2.15471,1
0422_4,15.32,-0.17487,-0.91115,-2.27795,-0.49556,0.59698,1
0422_4,15.486,12.90102,7.95878,0.45533,1.82007,2.3935,1
0422_4,15.651,15.22826,8.88429,-0.93933,1.30185,2.86374,1
0422_4,15.817,10.69855,7.12736,-1.81579,0.39454,1.63057,1
0422_4,15.983,8.93313,6.25103,-2.20825,-0.09611,0.86518,1
0422_4,16.149,7.9206,5.6793,-2.60728,-0.45816,0.04477,0
0422_4,16.315,7.30412,5.24764,-3.00684,-0.73365,-0.44551,0
0422_4,16.482,6.97664,4.91805,-3.20465,-0.96273,-0.91129,0
0422_4,16.648,6.79241,4.62834,-3.47506,-1.12847,-1.03358,0
0422_4,16.814,6.13974,4.38646,-3.67445,-1.28465,-1.35613,0
0422_4,16.981,6.24502,4.16505,-3.84464,-1.43099,-1.45214,0
0422_4,17.146,5.73002,3.96384,-4.00746,-1.55113,-1.64839,0
0422_4,17.312,5.25399,3.77858,-4.15082,-1.66717,-1.74127,0
0422_4,17.477,4.87464,3.61884,-4.27261,-1.76219,-1.78315,0
0422_4,17.643,4.55906,3.46255,-4.3844,-1.85393,-1.7934,0
0422_4,17.808,4.31004,3.323,-4.48015,-1.94048,-1.82681,0
0422_4,17.974,4.06279,3.18186,-4.57169,-2.02949,-2.14602,0
0422_4,18.139,3.84211,3.05242,-4.65507,-2.11687,-2.31821,0
0422_4,18.305,3.65434,2.9352,-4.73609,-2.19659,-2.49084,0
0422_4,18.472,3.47896,2.82065,-4.80737,-2.27141,-2.63786,0
0422_4,18.637,3.37292,2.713,-4.87471,-2.34158,-2.74278,0
0422_4,18.802,3.23044,2.61731,-4.93574,-2.40847,-2.8272,0
0422_4,18.967,3.10037,2.52774,-4.99492,-2.47318,-2.96242,0
0422_4,19.133,2.98977,2.44082,-5.0549,-2.53434,-3.02457,0
0422_4,19.299,2.88855,2.35497,-5.10908,-2.59195,-2.95596,0
0422_4,19.465,2.79364,2.26646,-5.16117,-2.6411,-3.04038,0
0422_4,19.63,2.6995,2.19044,-5.21272,-2.69516,-2.99115,0
0422_4,19.796,2.63547,2.11229,-5.26323,-2.74158,-3.01989,0
0422_4,19.962,2.56259,2.0392,-5.31031,-2.7869,-3.07157,0
0422_4,20.128,2.47402,1.96637,-5.3524,-2.83141,-2.86285,0
0422_4,20.295,2.43201,1.90471,-5.39396,-2.86444,-2.86997,0
0422_4,20.46,2.37557,1.8348,-5.43631,-2.877,-2.89915,0
0422_4,20.627,2.287,1.77021,-5.47208,-2.91851,-3.08181,0
0422_3,0.238,-0.24331,-0.15293,-0.09155,-0.1416,3.72854,1
0422_3,0.404,-0.3959,-0.28553,-0.15935,-0.22328,-0.5842,1
0422_3,0.569,-0.61883,-0.40077,-0.22286,-0.28489,-0.36892,1
0422_3,0.735,-0.78767,-0.5152,-0.28237,-0.37308,-0.8988,1
0422_3,0.901,-0.91915,-0.62502,-0.34788,-0.50224,-1.04314,1
0422_3,1.066,-1.07465,-0.72345,-0.40653,-0.55961,-1.16937,1
0422_3,1.232,-1.21001,-0.81023,-0.44687,-0.62207,-1.35775,1
0422_3,1.397,-1.3296,-0.89212,-0.50065,-0.69726,-1.47101,1
0422_3,1.563,-1.42494,-0.97699,-0.54786,-0.76933,-1.53535,1
0422_3,1.727,-1.52197,-1.05102,-0.60135,-0.84366,-1.62832,1
0422_3,1.893,-1.60421,-1.1226,-0.64083,-0.90047,-1.68825,1
0422_3,2.058,-1.68062,-1.18877,-0.67974,-0.95982,-0.54652,1
0422_3,2.224,-1.75316,-1.2571,-0.72523,-1.00787,-1.8414,1
0422_3,2.39,-1.84461,-1.31838,-0.77157,-1.09888,-1.90525,1
0422_3,2.555,-1.92903,-1.38237,-0.81592,-1.12997,-1.99332,1
0422_3,2.721,-2.01466,-1.4404,-0.84367,-1.19158,-2.05252,1
0422_3,2.886,-2.11315,-1.49463,-0.86541,-1.23567,-2.12444,1
0422_3,3.051,-2.19442,-1.54561,-0.89745,-1.28513,-2.1494,1
0422_3,3.216,-2.26622,-1.5909,-0.93235,-1.33629,-2.21276,1
0422_3,3.382,-2.33415,-1.64133,-0.96211,-1.37727,-2.29471,1
0422_3,3.548,-2.39916,-1.68662,-0.99558,-1.40751,-2.35489,1
0422_3,3.713,-2.46417,-1.73732,-1.02819,-1.43804,-2.40871,1
0422_3,3.879,-2.52457,-1.78586,-1.0568,-1.50135,-2.41263,1
0422_3,4.044,-2.58498,-1.82816,-1.08856,-1.52593,-2.4366,1
0422_3,4.21,-2.64295,-1.87046,-1.11688,-1.57426,-2.55476,1
0422_3,4.375,-2.69802,-1.91086,-1.14921,-1.60422,-2.45691,1
0422_3,4.541,-2.74363,-1.95072,-1.17896,-1.64181,-2.5988,1
0422_3,4.707,-2.80355,-1.98842,-1.1947,-1.68534,10.39984,1
0422_3,4.873,-2.85643,-2.02556,-1.23561,-1.72378,-2.56235,1
0422_3,5.04,-2.87244,-2.06271,-1.27022,-1.68986,-2.74044,1
0422_3,5.205,-1.48025,-1.61367,-0.0515,0.83038,-3.33589,1
0422_3,5.372,2.87365,-0.048,6.94846,9.75705,-4.71884,1
0422_3,5.537,4.60304,0.56374,7.2231,7.47309,-4.55248,1
0422_3,5.704,4.43201,0.29638,6.96505,6.44007,5.43196,1
0422_3,5.869,3.73992,8.13E-04,6.41033,5.77306,-6.40489,1
0422_3,6.035,3.21521,-0.31563,5.99122,5.37596,-7.07862,2
0422_3,6.2,2.86007,-0.57676,5.68596,5.07835,-7.61658,2
0422_3,6.366,2.55732,-0.76169,5.43564,4.79656,-8.00654,2
0422_3,6.532,2.28805,-0.92845,5.2122,4.55095,-8.31674,2
0422_3,6.697,2.05833,-1.12098,5.01938,4.35537,-8.56358,2
0422_3,6.863,1.85456,-1.2712,4.84144,4.17392,-8.78351,2
0422_3,7.028,1.66728,-1.3718,4.68066,4.00632,-8.97384,2
0422_3,7.194,1.61731,-1.46291,4.59226,3.86161,-9.14802,2
0422_3,7.359,1.52561,-1.56378,4.47754,3.73754,-9.29456,2
0422_3,7.524,1.34101,-1.65841,4.35795,3.61516,-9.38532,2
0422_3,7.689,1.26702,-1.74058,4.32705,3.48882,-9.56635,2
0422_3,7.855,1.1644,-1.80728,4.21233,3.37887,-9.69601,2
0422_3,8.021,0.99629,-1.84958,4.05842,3.26865,-9.79705,2
0422_3,8.186,0.84686,-1.951,3.93025,3.16492,-9.89246,2
0422_3,8.352,0.71247,-2.03289,3.81095,3.06883,-9.99007,2
0422_3,8.517,0.59336,-2.11912,3.69452,2.9781,-10.08474,2
0422_3,8.684,0.47377,-2.19829,3.57522,2.88427,-10.17355,2
0422_3,8.849,0.35781,-2.26988,3.47938,2.79326,-10.25061,2
0422_3,9.015,0.24719,-2.33686,3.38955,2.70847,-10.32204,2
0422_3,9.179,0.14555,-2.39055,3.29028,2.63329,-10.40718,2
0422_3,9.346,0.04997,-2.46267,3.20731,2.54709,-10.48228,2
0422_3,9.512,-0.03809,-2.51962,3.13579,2.47049,-10.54002,2
0422_3,9.676,-0.12105,-2.58741,3.07114,2.38966,-10.59555,2
0422_3,9.842,-0.20207,-2.63622,2.98474,2.31618,-10.65353,2
0422_3,10.007,-0.28164,-2.70292,2.90807,2.23336,-10.72203,2
0422_3,10.173,-0.35781,-2.7539,2.84312,2.1596,-10.77976,2
0422_3,10.339,-0.43301,-2.8084,2.76846,2.07961,-10.83114,2
0422_3,10.505,-0.50676,-2.84474,2.69179,2.01037,-10.89034,2
0422_3,10.671,-0.58244,-2.85992,2.60968,1.9366,-10.91358,2
0422_3,10.837,-0.64382,-2.92446,2.55933,1.86227,-10.99504,2
0422_3,11.004,-0.70349,-2.97517,2.49238,1.79359,-11.0403,2
0422_3,11.17,-0.77409,-3.02886,2.42401,1.72632,-11.04715,2
0422_3,11.336,-0.83861,-3.09068,2.34305,1.67149,-11.07308,2
0422_3,11.502,-0.90581,-3.13163,2.27038,1.60903,-11.11859,2
0422_3,11.669,-0.96621,-3.17745,2.2103,1.53724,-11.19369,2
0422_3,11.835,-1.03389,-3.20918,2.14307,1.47393,-11.23454,2
0422_3,12.002,-1.09114,-3.25961,2.08814,1.39677,-11.23308,2
0422_3,12.167,-1.15203,-3.30463,2.02663,1.33968,-11.28347,2
0422_3,12.333,-1.20831,-3.35344,1.97256,1.28796,-11.34977,2
0422_3,12.499,-1.26702,-3.40224,1.91878,1.28796,-11.3576,2
0422_3,12.664,-1.31845,-3.4139,1.865,1.25969,-11.40408,2
0422_3,12.83,-1.36672,-3.444,1.81493,1.19893,-11.42977,2
0422_3,12.995,-1.41936,-3.47437,1.76029,1.1359,-11.46108,2
0422_3,13.161,-1.46982,-3.51722,1.69735,1.07231,-11.54157,2
0422_3,13.326,-1.52173,-3.54623,1.63241,1.03133,-11.53814,2
0422_3,13.492,-1.57534,-3.59395,1.58721,0.98158,-11.53936,2
0422_3,13.657,-1.62507,-3.60344,1.53914,0.94823,-11.55429,2
0422_3,13.823,-1.67601,-3.633,1.48708,0.88294,-11.56456,2
0422_3,13.989,-1.72453,-3.67476,1.44674,0.82896,-11.65606,2
0422_3,14.154,-1.77014,-3.70242,1.40468,0.76848,-11.6497,2
0422_3,14.32,-1.8172,-3.73957,1.37178,0.72495,-11.66731,2
0422_3,14.486,-1.86135,-3.77672,1.30427,0.68312,-11.66878,2
0422_3,14.652,-1.90404,-3.80248,1.24991,0.63225,-11.70327,2
0422_3,14.817,-1.94941,-3.84722,1.20128,0.58392,-11.76321,2
0422_3,14.984,-1.99744,-3.87976,1.15894,0.53502,-11.79257,2
0422_3,15.149,-2.04038,-3.91121,1.11717,0.485,-11.80455,2
0422_3,15.316,-2.00738,-3.98171,1.31113,0.7682,-9.93356,2
0422_3,15.483,-1.35362,-3.0416,3.9108,1.85972,1.14882,2
0422_5,0.239,-0.21758,-0.20001,-0.17854,-0.19017,-0.3481,1
0422_5,0.404,-0.38241,-0.34994,-0.31981,-0.37871,-0.58489,1
0422_5,0.57,-0.51058,-0.51712,-0.44856,-0.5395,-0.74982,1
0422_5,0.735,-0.66064,-0.62847,-0.58427,-0.69403,-0.89307,1
0422_5,0.901,-0.78828,-0.71165,-0.71414,-0.83904,-1.03359,1
0422_5,1.066,-0.92068,-0.84079,-0.83928,-0.97589,-1.34086,1
0422_5,1.232,-1.03724,-0.97075,-0.93189,-1.10267,-1.50967,1
0422_5,1.396,-1.12375,-1.08594,-1.03033,-1.22782,-1.70015,1
0422_5,1.562,-1.23399,-1.21426,-1.12544,-1.33501,-1.84614,1
0422_5,1.727,-1.33394,-1.18991,-1.20581,-1.42207,-1.87534,1
0422_5,1.893,-1.44365,-1.36174,-1.30982,-1.5211,-2.14908,1
0422_5,2.058,-1.53015,-1.48732,-1.36738,-1.61551,-2.25949,1
0422_5,2.224,-1.59213,-1.58582,-1.41188,-1.70474,-2.36419,1
0422_5,2.39,-1.65727,-1.67009,-1.44581,-1.78881,-2.2531,1
0422_5,2.555,-1.73639,-1.7229,-1.50309,-1.87288,-2.52022,1
0422_5,2.721,-1.8192,-1.80498,-1.55343,-1.95531,-2.63998,1
0422_5,2.886,-1.86535,-1.88624,-1.61461,-2.03339,-2.75381,1
0422_5,3.052,-1.93708,-1.95574,-1.67523,-2.10794,-2.8259,1
0422_5,3.217,-2.01673,-2.01593,-1.73308,-2.1716,-2.89912,1
0422_5,3.383,-2.09321,-2.07202,-1.79036,-2.24043,-2.96779,1
0422_5,3.549,-2.13093,-2.13413,-1.83875,-2.31062,-3.08572,1
0422_5,3.714,-2.17312,-2.17736,-1.89242,-2.37565,-3.12473,1
0422_5,3.88,-2.22429,-2.2236,-1.94526,-2.42788,-3.17993,1
0422_5,4.046,-2.29892,-2.28187,-2.00616,-2.48692,-3.31019,1
0422_5,4.212,-2.36248,-2.34836,-2.05344,-2.5446,-3.38957,1
0422_5,4.379,-2.36459,-2.43591,-2.0946,-2.59575,-3.4612,1
0422_5,4.545,-2.39597,-2.47422,-2.13798,-2.6507,-3.52279,1
0422_5,4.71,-2.46718,-2.51718,-2.18553,-2.69967,-3.52576,1
0422_5,4.876,-2.53786,-2.54837,-2.22836,-2.75,-3.58894,1
0422_5,5.042,-2.58797,-2.61075,-2.24087,-2.79517,-3.60651,1
0422_5,5.207,-2.61539,-2.67942,-2.25533,-2.82809,-3.61883,1
0422_5,5.373,-2.67447,-2.43017,-2.09821,-2.27335,3.29513,1
0422_5,5.538,7.9013,10.45257,2.20333,5.14143,5.15405,1
0422_5,5.703,9.42987,8.11981,1.52812,2.9331,2.80902,1
0422_5,5.868,7.45217,6.59883,0.38154,1.94361,1.65635,1
0422_5,6.034,6.43814,5.70414,-0.21552,1.30699,1.64084,0
0422_5,6.199,5.75429,5.13695,-0.57704,0.79687,0.69028,0
0422_5,6.365,5.21365,4.64446,-0.86904,0.39612,0.34514,0
0422_5,6.531,4.76768,4.18344,-1.14129,0.0672,-0.11999,0
0422_5,6.696,4.42246,3.87043,-1.39464,-0.21575,-0.30682,0
0422_5,6.862,4.11153,3.58205,-1.5957,-0.46196,-0.27534,0
0422_5,7.027,3.8565,3.33553,-1.75282,-0.67852,-0.71286,0
0422_5,7.193,3.61097,3.10899,-1.91578,-0.89862,-0.61728,0
0422_5,7.358,3.36333,2.87013,-2.06178,-1.08961,-1.07944,0
0422_5,7.524,3.17529,2.67778,-2.21223,-1.24713,-1.25281,0
0422_5,7.69,2.97064,2.49474,-2.33348,-1.37255,-1.56122,0
0422_5,7.855,2.84589,2.3749,-2.39688,-1.4977,-1.86576,0
0422_5,8.021,2.68133,2.20882,-2.49894,-1.65305,-1.95039,0
0422_5,8.186,2.49487,2.02277,-2.61157,-1.78038,-1.72843,0
0422_5,8.352,2.36063,1.89582,-2.71447,-1.90852,-1.66319,0
0422_5,8.517,2.24143,1.76394,-2.79734,-2.01897,-1.83405,0
0422_5,8.683,2.13514,1.66708,-2.85963,-2.12426,-2.18968,0
0422_5,8.849,2.03757,1.55709,-2.94445,-2.23173,-2.12034,0
0422_5,9.015,1.91045,1.42713,-3.0162,-2.32205,-2.33841,0
0422_5,9.18,1.82526,1.33903,-3.07765,-2.40884,-2.42852,0
0422_5,9.347,1.75195,1.27911,-3.1291,-2.48746,-2.60759,0
0422_5,9.513,1.68338,1.20934,-3.1875,-2.56255,-2.71731,0
0422_5,9.678,1.59872,1.11303,-3.25842,-2.65288,-2.50015,0
0422_5,9.844,1.49508,1.01508,-3.32488,-2.72307,-2.55855,0
0422_5,10.009,1.42361,0.94449,-3.37104,-2.78755,-2.62538,0
0422_5,10.175,1.35794,0.878,-3.41665,-2.84115,-2.71846,0
0422_5,10.34,1.29174,0.81507,-3.46198,-2.90372,-2.87905,0
0422_5,10.506,1.22634,0.73792,-3.52121,-2.98398,-2.59162,0
0422_5,10.671,1.1546,0.68128,-3.55709,-3.0403,-2.6961,0
0422_5,10.837,1.09869,0.62628,-3.59797,-3.09716,-2.84597,0
0422_5,11.003,1.05069,0.58989,-3.63217,-3.14776,-3.00177,0
0422_5,11.168,1.00349,0.539,-3.67111,-3.20326,-2.99835,0
0422_5,11.334,0.93518,0.46021,-3.72506,-3.26175,-2.94954,0
0422_5,11.499,0.88956,0.40904,-3.7676,-3.31399,-2.85532,0
0422_5,11.665,0.84604,0.35186,-3.79792,-3.35834,-3.08344,0
0422_5,11.83,0.81123,0.32559,-3.82517,-3.4035,-3.32091,0
0422_5,11.996,0.7722,0.26731,-3.86966,-3.4639,-3.13317,0
0422_5,12.161,0.70626,0.19754,-3.90887,-3.50552,-3.31042,0
0422_5,12.327,0.67251,0.1565,-3.93891,-3.54932,-3.38045,0
0422_5,12.493,0.63743,0.12258,-3.96143,-3.58578,-3.5326,0
0422_5,12.658,0.60684,0.09029,-3.98702,-3.62169,-3.63251,0
0422_5,12.824,0.56332,0.02873,-4.02679,-3.67719,-3.5034,0
0422_5,12.989,0.52218,-0.01204,-4.05376,-3.71256,-3.58894,0
0422_5,13.155,0.48922,-0.05007,-4.07962,-3.74657,-3.65282,0
0422_5,13.32,0.46179,-0.07716,-4.10437,-3.77949,-3.7468,0
0422_5,13.486,0.43832,-0.09604,-4.1205,-3.80778,-3.84056,0
0422_5,13.651,0.40166,-0.15267,-4.15471,-3.85621,-3.82801,0
0422_5,13.818,0.3803,-0.18167,-4.17557,-3.88777,-3.88207,0
0422_5,13.984,0.3563,-0.21451,-4.2031,-3.91933,-3.91903,0
0422_5,14.149,0.33388,-0.24378,-4.22507,-3.94817,-3.96488,0
0422_5,14.315,0.31331,-0.25801,-4.25149,-3.99061,-3.87044,0
0422_5,14.481,0.27507,-0.32723,-4.27846,-4.0238,-3.95758,0
0422_5,14.647,0.25503,-0.35186,-4.30015,-4.05645,-4.02738,0
0422_5,14.813,0.23683,-0.36745,-4.31294,-4.08012,-4.14874,0
0422_5,14.979,0.21916,-0.37484,-4.32685,-4.10243,-4.2247,0
0422_5,15.145,0.20254,-0.38387,-4.34798,-4.13834,-4.29131,0
0422_5,15.312,0.16852,-0.37703,-4.33825,-4.12637,-2.90186,0
0422_5,15.479,2.07291,2.61102,-1.32372,-1.19163,0.11702,0
0422_5,15.645,8.91138,8.32118,2.77815,-1.42588,5.68601,0
0422_5,15.812,8.67745,7.26041,1.21944,-2.08781,4.01986,0
0422_5,15.977,7.50281,6.5556,0.46302,-2.46298,3.07705,0
0422_5,16.144,6.85008,5.95339,0.05673,-2.67736,2.36237,1
0422_5,16.309,6.35506,5.52028,-0.25974,-2.86209,1.71885,1
0422_5,16.475,5.92387,5.05405,-0.49723,-3.01309,1.49393,1
0422_5,16.64,5.57654,4.71861,-0.74418,-3.14041,0.84722,1
0422_5,16.806,5.30569,4.44446,-0.94246,-3.26012,0.47243,1
0422_5,16.972,4.86605,4.05812,-1.11265,-3.36378,0.12501,1
0422_5,17.137,4.53613,3.81434,-1.25364,-3.45029,-0.09512,1
0422_5,17.303,4.32224,3.59108,-1.38907,-3.53572,-0.26393,1
0422_5,17.468,4.13922,3.47863,-1.47834,-3.60782,-0.32415,1
0422_5,17.634,4.08093,3.42746,-1.51088,-3.65733,-0.25435,1
0422_5,17.799,4.06405,3.44525,-1.50615,-3.71283,-0.49935,1
0422_5,17.965,3.77554,3.21898,-1.65577,-3.78575,-0.61682,1
0422_5,18.131,3.63365,3.13908,-1.73057,-3.8339,-0.68389,1
0422_5,18.296,3.55532,3.0425,-1.82207,-3.90736,-0.72564,1
0422_5,18.462,3.40948,2.9585,-1.84292,-3.9498,-0.19664,1
0422_5,18.627,3.35252,3.29066,-1.77868,-4.01129,-0.03239,1
0422_5,18.794,3.2014,3.0124,-1.91356,-4.07903,-1.09313,1
0422_5,18.959,3.02918,2.69639,-2.05705,-4.13154,-1.39812,1
0422_5,19.125,2.93662,2.53441,-2.15661,-4.18921,-1.65338,1
0422_5,19.29,2.75095,2.34809,-2.22391,-4.23084,-1.81489,1
0422_5,19.456,2.65917,2.237,-2.29037,-4.27002,-1.97731,1
0422_5,19.623,2.59588,2.15957,-2.3471,-4.29885,-2.07768,1
0422_5,19.788,2.54762,2.1199,-2.42136,-4.34511,-2.15478,1
0422_5,19.955,2.42261,2.02222,-2.48559,-4.38564,-2.25766,1
0422_5,20.12,2.31817,1.9281,-2.55289,-4.42972,-2.31081,1
0422_5,20.288,2.24644,1.90785,-2.59071,-4.45611,-2.38769,1
0422_5,20.454,2.22798,1.86435,-2.6455,-4.48467,-2.45384,1
0422_5,20.62,2.19,1.77899,-2.70362,-4.53392,-2.49627,1
0422_5,20.787,2.08055,1.68924,-2.74478,-4.56167,-2.56425,1
0422_5,20.954,2.02438,1.61127,-2.78927,-4.59078,-2.58889,1
0502_12_4,21.12,1.99827,1.59759,-2.81986,-4.60873,-2.57634,1
0502_12_4,0.24,-0.10069,-0.07475,-0.16312,-0.15384,-0.21424,2
0502_12_4,0.406,-0.22233,-0.15073,-0.2751,-0.3003,-0.32105,2
0502_12_4,0.571,-0.35418,-0.23591,-0.36542,-0.42272,-0.46229,2
0502_12_4,0.737,-0.46262,-0.3114,-0.48358,-0.55229,-0.62544,2
0502_12_4,0.902,-0.51102,-0.27465,-0.61536,-0.67514,-0.58417,2
0502_12_4,1.067,-0.63002,-0.3695,-0.65784,-0.76918,-0.74224,2
0502_12_4,1.233,-0.71558,-0.44599,-0.74672,-0.87469,-0.84365,2
0502_12_4,1.398,-0.8138,-0.50236,-0.78157,-0.96353,-0.92966,2
0502_12_4,1.563,-0.86908,-0.52868,-0.77518,-1.05106,-1.07091,2
0502_12_4,1.728,-0.94266,-0.55898,-0.80921,-1.12538,-1.0771,2
0502_12_4,1.894,-1.01677,-0.60293,-0.89582,-1.22071,-1.22247,2
0502_12_4,2.059,-1.24227,-0.63794,-1.00738,-1.31843,-1.34117,2
0502_12_4,2.225,-1.34349,-0.67643,-1.10637,-1.41702,-1.47337,2
0502_12_4,2.391,-1.40404,-0.68388,-1.18865,-1.49632,-1.53209,2
0502_12_4,2.556,-1.46653,-0.71045,-1.26474,-1.5754,-1.58621,2
0502_12_4,2.722,-1.5417,-0.77576,-1.34661,-1.6495,-1.67508,2
0502_12_4,2.887,-1.59715,-0.81326,-1.39673,-1.71819,-1.79871,2
0502_12_4,3.053,-1.657,-0.85374,-1.44271,-1.78644,-1.84949,2
0502_12_4,3.219,-1.71914,-0.87956,-1.48952,-1.85274,-1.82949,2
0502_12_4,3.385,-1.75118,-0.90588,-1.53448,-1.91557,-2.01485,2
0502_12_4,3.551,-1.82177,-0.95604,-1.59057,-1.97841,-2.04548,2
0502_12_4,3.718,-1.8818,-1.00372,-1.59037,-2.03777,-2.13166,2
0502_12_4,3.885,-1.94376,-1.04345,-1.65594,-2.09909,-2.20291,2
0502_12_4,4.05,-1.99587,-1.0812,-1.70399,-2.15001,-2.1042,2
0502_12_4,4.215,-2.03389,-1.10802,-1.73905,-2.19833,-2.23529,2
0502_12_4,4.38,-2.09163,-1.16041,-1.75782,-2.24989,-2.32019,2
0502_12_4,4.546,-2.12789,-1.20114,-1.77452,-2.29431,-2.44128,2
0502_12_4,4.711,-2.13617,-1.21803,-1.76648,-2.33223,-2.52365,2
0502_12_4,4.877,-2.11733,-1.21629,-1.69554,-2.35823,-2.49587,2
0502_12_4,5.042,-1.99974,-1.12664,-1.06925,-2.02607,-2.59601,2
0502_12_4,5.208,-0.06372,0.81003,0.4079,-1.35852,-0.80477,2
0502_12_4,5.374,3.2927,4.21479,1.87845,0.2639,2.43065,2
0502_12_4,5.539,8.23396,9.38066,6.21546,2.83078,10.32121,2
0502_12_4,5.705,14.70988,11.20931,10.67619,3.99451,26.0133,2
0502_12_4,5.87,13.01309,11.36228,9.54859,2.87542,27.29623,2
0502_12_4,6.036,11.54145,10.663,8.24239,1.89391,26.92106,0
0502_12_4,6.201,10.50233,9.77723,7.29997,1.00925,25.97585,0
0502_12_4,6.367,9.57234,9.09633,6.53799,0.28297,24.33156,0
0502_12_4,6.532,8.8492,8.36104,5.92139,-0.22707,23.26239,0
0502_12_4,6.698,8.26406,7.76929,5.40914,-0.62747,22.33337,0
0502_12_4,6.864,7.7541,7.2647,4.95236,-0.96938,21.63937,0
0502_12_4,7.029,7.33443,6.84702,4.55024,-1.2712,21.1501,0
0502_12_4,7.195,6.9461,6.42809,4.21492,-1.54507,20.15283,0
0502_12_4,7.359,6.55355,6.05462,3.86579,-1.80334,19.63975,0
0502_12_4,7.525,6.26978,5.72534,3.57172,-2.03041,18.8499,0
0502_12_4,7.691,5.95028,5.40848,3.29807,-2.22996,18.30175,0
0502_12_4,7.857,5.68764,5.1311,3.05349,-2.43905,18.01609,0
0502_12_4,8.022,5.44454,4.8721,2.8149,-2.6217,17.69917,0
0502_12_4,8.188,5.19985,4.64116,2.59239,-2.79005,17.44033,0
0502_12_4,8.353,5.00322,4.40774,2.39627,-2.94388,17.14562,0
0502_12_4,8.518,4.81363,4.19021,2.22655,-3.0897,16.74522,0
0502_12_4,8.684,4.63426,3.99229,2.07251,-3.22252,16.39989,0
0502_12_4,8.849,4.47142,3.78817,1.90361,-3.36552,16.19247,0
0502_12_4,9.015,4.28377,3.60069,1.78483,-3.48534,16.07043,0
0502_12_4,9.18,4.12939,3.43009,1.62068,-3.62553,15.99521,0
0502_12_4,9.347,3.98522,3.25626,1.50561,-3.72021,15.73129,0
0502_12_4,9.514,3.83506,3.09088,1.37734,-3.82985,15.53244,0
0502_12_4,9.679,3.69864,2.93791,1.27176,-3.93775,15.16489,0
0502_12_4,9.847,3.54566,2.77799,1.11008,-4.05626,14.96667,0
0502_12_4,10.012,3.42684,2.63247,0.99645,-4.16135,14.73624,0
0502_12_4,10.18,3.30221,2.48621,0.89004,-4.26513,14.56596,0
0502_12_4,10.345,3.19712,2.34889,0.78405,-4.36523,14.3798,0
0502_12_4,10.511,3.09097,2.22945,0.67042,-4.45797,14.29379,0
0502_12_4,10.676,2.96757,2.10454,0.53865,-4.55829,14.34092,0
0502_12_4,10.842,2.87674,2.00024,0.42131,-4.64821,14.06637,0
0502_12_4,11.009,2.7801,1.88229,0.34377,-4.72577,13.87037,0
0502_12_4,11.174,2.68944,1.76881,0.24788,-4.80312,13.68803,0
0502_12_4,11.341,2.59473,1.60193,0.17281,-4.88242,13.48775,0
0502_12_4,11.506,2.50496,1.42761,0.05795,-4.96194,13.33,0
0502_12_4,11.672,2.43225,1.31909,-0.05609,-5.04016,13.17289,0
0502_12_4,11.838,2.34529,1.22001,-0.13466,-5.10429,13.04815,0
0502_12_4,12.005,2.28474,1.13012,-0.23262,-5.17579,12.9715,0
0502_12_4,12.17,2.22031,1.0447,-0.29386,-5.2369,12.81946,0
0502_12_4,12.336,2.14338,0.9558,-0.3947,-5.31273,12.78534,0
0502_12_4,12.502,2.07843,0.87211,-0.47967,-5.38206,12.80248,0
0502_12_4,12.667,2.02738,0.79612,-0.54298,-5.44165,12.68711,0
0502_12_4,12.833,1.95925,0.72039,-0.61144,-5.4943,12.53523,0
0502_12_4,12.998,1.91049,0.64713,-0.6731,-5.54392,12.38336,0
0502_12_4,13.164,1.84061,0.57313,-0.7593,-5.61498,12.26243,0
0502_12_4,13.329,1.7848,0.51453,-0.83333,-5.66958,12.13801,0
0502_12_4,13.495,1.73146,0.44351,-0.90221,-5.71638,12.03739,0
0502_12_4,13.66,1.67901,0.37497,-0.97274,-5.76643,12.02644,0
0502_12_4,13.826,1.61071,0.35709,-0.99563,-5.81107,11.82965,0
0502_12_4,13.992,1.54258,0.3037,-1.08575,-5.8726,11.74364,0
0502_12_4,14.157,1.48695,0.23864,-1.12637,-5.92569,11.57176,0
0502_12_4,14.323,1.43749,0.17258,-1.19009,-5.97314,11.53606,0
0502_12_4,14.489,1.39436,0.11075,-1.24598,-6.02102,11.37022,0
0502_12_4,14.655,1.34243,0.04917,-1.28289,-6.06869,11.28483,0
0502_12_4,14.82,1.27167,-0.01887,-1.36352,-6.12654,11.15613,0
0502_12_4,14.986,1.22889,-0.0812,-1.40518,-6.16879,11.07567,0
0502_12_4,15.151,1.16235,-0.14179,-1.44581,-6.20324,11.28991,0
0502_12_4,15.318,1.18805,-0.01117,-0.98985,-5.53027,20.15362,0
0502_12_4,15.484,3.88453,6.4574,3.98684,-1.70324,20.97886,0
0502_12_4,15.65,9.09952,8.99998,14.26276,2.02759,18.81975,0
0502_12_4,15.817,11.38426,11.6034,11.91784,1.35917,17.07865,0
0502_12_4,15.982,11.55765,11.53784,10.53246,-0.12025,15.71082,0
0502_12_4,16.149,10.14269,9.58304,9.10274,-1.09353,14.38107,2
0502_12_4,16.315,9.03087,8.39258,8.65957,-1.70735,13.32095,2
0502_12_4,16.481,8.54184,7.59894,8.24115,-2.19031,12.19784,2
0502_12_4,16.646,8.00952,7.02457,8.18815,-2.5333,11.08027,2
0502_12_4,16.812,8.27956,6.58826,7.8978,-2.83793,10.39612,2
0502_12_4,16.978,7.77064,6.21106,7.45504,-3.10205,9.92541,2
0502_12_4,17.143,7.47649,5.93343,7.20139,-3.30507,9.5366,2
0502_12_4,17.309,7.17706,5.73105,6.93846,-3.49466,9.12636,2
0502_12_4,17.475,6.87534,5.55797,6.78566,-3.66539,8.78055,2
0502_12_4,17.642,6.61762,5.35136,6.52149,-3.83223,8.48521,2
0502_12_4,17.807,6.35023,5.17406,6.29836,-3.98563,8.21145,2
0502_12_4,17.974,6.1367,5.01538,6.1272,-4.1152,8.0026,2
0502_12_4,18.139,6.12103,4.89197,6.0744,-4.24065,7.63696,2
0502_12_4,18.306,5.9883,4.72932,5.85313,-4.37325,7.40811,2
0502_12_4,18.472,5.83639,4.60068,5.67496,-4.48592,7.12467,2
0502_12_4,18.638,5.71228,4.47007,5.52091,-4.59252,6.89504,2
0502_12_4,18.804,5.52956,4.29922,5.3813,-4.69132,6.76935,2
0502_12_4,18.97,5.40247,4.16935,5.27056,-4.78514,6.49559,2
0502_12_4,19.137,5.28752,4.07051,5.13384,-4.88242,6.31118,2
0502_12_4,19.303,5.15091,3.97441,5.04805,-4.96844,6.09535,2
0502_12_4,19.469,5.11993,3.89197,5.00186,-5.04623,5.92617,2
0502_12_4,19.634,5.07962,3.80431,4.90741,-5.11968,5.82349,2
0502_12_4,19.8,4.96713,3.68363,4.84946,-5.19551,5.64353,2
0502_12_4,19.966,4.84532,3.58206,4.81956,-5.26831,5.43881,2
0502_12_4,20.132,4.76399,3.46833,4.70758,-5.34415,5.28693,2
0502_12_4,20.298,4.6369,3.37297,4.5459,-5.42756,5.13109,2
0502_12_4,20.463,4.54131,3.31636,4.44259,-5.50015,5.08348,2
0502_12_4,20.632,4.40136,3.21256,4.31205,-5.58032,4.92509,2
0502_13_3,0.238,-0.12137,-0.07673,-0.12961,-0.07868,-0.04733,2
0502_13_3,0.404,-0.24112,-0.15968,-0.26921,-0.16135,-0.08316,2
0502_13_3,0.569,-0.39031,-0.23041,-0.49463,-0.24937,-0.18645,2
0502_13_3,0.734,-0.51671,-0.30007,-0.66225,-0.32671,-0.24418,2
0502_13_3,0.9,-0.62856,-0.36609,-0.80698,-0.41139,-0.32247,2
0502_13_3,1.065,-0.73341,-0.4321,-0.93725,-0.48584,-0.37202,2
0502_13_3,1.231,-0.83539,-0.49447,-1.04796,-0.55896,-0.42576,2
0502_13_3,1.395,-0.93431,-0.56392,-1.17134,-0.62808,-0.49565,2
0502_13_3,1.561,-1.02606,-0.63186,-1.27249,-0.68764,-0.56333,2
0502_13_3,1.726,-1.1081,-0.68588,-1.35919,-0.74232,-0.62924,2
0502_13_3,1.892,-1.18836,-0.74096,-1.44678,-0.79744,-0.65556,2
0502_13_3,2.057,-1.27184,-0.79305,-1.52658,-0.84766,-0.72988,2
0502_13_3,2.223,-1.34456,-0.84642,-1.60595,-0.90145,-0.78871,2
0502_13_3,2.389,-1.41978,-0.89786,-1.67864,-0.94946,-0.85064,2
0502_13_3,2.553,-1.48962,-0.9478,-1.752,-1.00013,-0.88426,2
0502_13_3,2.719,-1.56377,-0.99624,-1.81803,-1.04369,-0.92982,2
0502_13_3,2.884,-1.63217,-1.04961,-1.89028,-1.09014,-0.97605,2
0502_13_3,3.05,-1.69896,-1.09376,-1.96008,-1.13326,-1.04395,2
0502_13_3,3.216,-1.76431,-1.14306,-2.02966,-1.17926,-1.09725,2
0502_13_3,3.382,-1.82374,-1.18485,-2.08324,-1.21882,-1.13463,2
0502_13_3,3.548,-1.88155,-1.22258,-2.14882,-1.25838,-1.19435,2
0502_13_3,3.714,-1.94008,-1.26866,-2.20907,-1.2995,-1.25075,2
0502_13_3,3.88,-1.99879,-1.31303,-2.26953,-1.33862,-1.29587,2
0502_13_3,4.045,-2.05804,-1.35954,-2.32467,-1.37862,-1.28613,2
0502_13_3,4.212,-2.10777,-1.39126,-2.37624,-1.41174,-1.3401,2
0502_13_3,4.377,-2.1663,-1.43455,-2.43804,-1.45285,-1.38854,2
0502_13_3,4.542,-2.2189,-1.47849,-2.49451,-1.48819,-1.44427,2
0502_13_3,4.707,-2.27133,-1.525,-2.54897,-1.52842,-1.49293,2
0502_13_3,4.873,-2.32088,-1.56359,-2.57565,-1.5622,-1.47502,2
0502_13_3,5.038,-2.36738,-1.57173,-2.57943,-1.60132,1.50996,2
0502_13_3,5.204,-1.56269,-0.71138,2.15416,1.08236,7.62989,2
0502_13_3,5.37,1.73236,1.20479,6.6063,5.92499,16.34287,2
0502_13_3,5.535,7.59012,3.91979,8.02907,7.42451,25.27791,2
0502_13_3,5.701,7.22566,3.78604,6.67744,6.67042,28.88284,2
0502_13_3,5.866,4.81573,2.99321,4.98991,5.59272,25.69991,2
0502_13_3,6.032,3.17171,1.89281,3.86437,4.7055,23.37403,1
0502_13_3,6.197,2.28515,1.1287,3.08896,4.06741,21.87336,1
0502_13_3,6.363,1.45569,0.5592,2.5801,3.5998,20.64428,1
0502_13_3,6.528,0.92516,0.16354,2.13926,3.25931,19.65386,1
0502_13_3,6.693,0.55172,-0.15368,1.82759,2.93971,18.77712,1
0502_13_3,6.859,0.22263,-0.4769,1.47212,2.6379,18.13571,1
0502_13_3,7.024,-0.06015,-0.74696,1.22447,2.41631,17.57459,1
0502_13_3,7.19,-0.29013,-0.97202,1.00349,2.22495,16.97609,1
0502_13_3,7.356,-0.49175,-1.18507,0.83343,2.0596,16.65317,1
0502_13_3,7.522,-0.65711,-1.38719,0.69782,1.91136,16.27231,1
0502_13_3,7.687,-0.77147,-1.58523,0.53243,1.75645,15.79634,1
0502_13_3,7.854,-0.95747,-1.7372,0.38948,1.62865,15.52562,1
0502_13_3,8.019,-1.14365,-1.90031,0.25143,1.48441,15.16312,1
0502_13_3,8.186,-1.32301,-2.10093,0.10804,1.3624,14.85966,1
0502_13_3,8.353,-1.43756,-2.25589,0.01045,1.26172,14.64358,1
0502_13_3,8.518,-1.54887,-2.40528,-0.07803,1.13637,14.36357,1
0502_13_3,8.684,-1.68245,-2.54225,-0.18763,1.02458,14.12492,1
0502_13_3,8.849,-1.81494,-2.68071,-0.29722,0.92279,13.92122,1
0502_13_3,9.015,-1.92249,-2.77694,-0.38415,0.82611,13.70026,1
0502_13_3,9.18,-2.00831,-2.9049,-0.47151,0.74521,13.48241,1
0502_13_3,9.346,-2.10131,-3.01357,-0.56866,0.64719,13.27671,1
0502_13_3,9.511,-2.18497,-3.15096,-0.65581,0.56385,13.08341,1
0502_13_3,9.676,-2.27205,-3.2637,-0.73784,0.48273,12.91332,1
0502_13_3,9.842,-2.38192,-3.34858,-0.83432,0.40694,12.73196,1
0502_13_3,10.007,-2.47313,-3.4401,-0.91768,0.34182,12.55568,1
0502_13_3,10.173,-2.55428,-3.53848,-0.98304,0.29426,12.40528,1
0502_13_3,10.338,-2.63866,-3.61736,-1.05818,0.24136,12.24073,1
0502_13_3,10.504,-2.72843,-3.69645,-1.13643,0.16824,12.08281,1
0502_13_3,10.669,-2.81676,-3.76739,-1.22291,0.10246,11.95342,1
0502_13_3,10.835,-2.8638,-3.83127,-1.29983,0.02445,11.81408,1
0502_13_3,11.001,-2.92502,-3.88871,-1.36096,-0.04689,11.6858,1
0502_13_3,11.166,-2.99702,-3.93993,-1.40698,-0.10935,11.54425,1
0502_13_3,11.332,-3.03257,-3.9888,-1.45478,-0.17491,11.42923,1
0502_13_3,11.497,-3.11138,-4.05353,-1.52503,-0.23892,11.31666,1
0502_13_3,11.663,-3.1683,-4.10026,-1.57327,-0.2947,11.21514,1
0502_13_3,11.828,-3.23329,-4.1637,-1.63285,-0.35093,11.11494,1
0502_13_3,11.994,-3.29397,-4.22564,-1.68464,-0.39916,11.02448,1
0502_13_3,12.159,-3.3367,-4.25801,-1.72799,-0.4485,10.89266,1
0502_13_3,12.325,-3.40636,-4.32896,-1.79335,-0.50073,10.7489,1
0502_13_3,12.491,-3.47441,-4.39347,-1.86293,-0.54718,10.63367,1
0502_13_3,12.656,-3.53096,-4.43034,-1.91918,-0.61186,10.52175,1
0502_13_3,12.822,-3.59218,-4.48285,-1.96408,-0.65208,10.43395,1
0502_13_3,12.987,-3.66131,-4.52143,-2.04367,-0.71031,10.3771,1
0502_13_3,13.153,-3.7245,-4.58402,-2.09369,-0.7621,10.31141,1
0502_13_3,13.318,-3.77531,-4.61681,-2.15527,-0.81699,10.25103,1
0502_13_3,13.485,-3.7807,-4.66461,-2.21907,-0.84811,10.25192,1
0502_13_3,13.65,-3.91463,-4.71155,-2.26064,-0.87611,10.17008,1
0502_13_3,13.817,-3.99094,-4.78142,-2.32578,-0.92879,10.05242,1
0502_13_3,13.983,-4.03744,-4.811,-2.32956,-0.95123,10.03694,1
0502_13_3,14.148,-4.08412,-4.84036,-2.42048,-1.01946,9.88565,1
0502_13_3,14.315,-4.15557,-4.89845,-2.47961,-1.07592,9.74675,1
0502_13_3,14.481,-4.22739,-4.95996,-2.53252,-1.1357,9.62688,1
0502_13_3,14.648,-4.27963,-5.01912,-2.58832,-1.18815,9.44551,1
0502_13_3,14.813,-4.32398,-5.08835,-2.5981,-1.23772,9.32519,1
0502_13_3,14.979,-4.35288,-5.14815,-2.63323,-1.27328,9.19912,1
0502_13_3,15.144,-4.37999,-5.20859,-2.65079,-1.33062,9.34466,1
0502_13_3,15.31,-4.23313,-4.72569,-1.45033,0.39672,14.95278,1
0502_13_3,15.476,1.70381,-0.3723,1.23025,3.49445,13.85,1
0502_13_3,15.641,6.85169,0.73818,2.44027,4.01652,12.57691,1
0502_13_3,15.807,5.45219,-0.1391,1.09975,3.36066,10.61575,1
0502_13_3,15.972,4.50513,-1.29416,0.62713,2.50499,8.69064,1
0502_13_3,16.138,2.98499,-1.92024,0.05135,1.9238,7.33705,2
0502_13_3,16.303,2.28946,-2.42586,-0.2641,1.49464,6.25196,2
0502_13_3,16.469,1.78999,-2.7868,-0.48819,1.15637,5.63289,2
0502_13_3,16.634,1.24437,-3.08366,-0.75696,0.85967,4.82052,2
0502_13_3,16.8,0.84401,-3.29692,-0.9906,0.61786,4.35561,2
0502_13_3,16.967,0.46967,-3.52562,-1.23025,0.40627,4.07803,2
0502_13_3,17.132,0.16464,-3.73353,-1.42254,0.23114,3.87809,2
0502_13_3,17.298,-0.11077,-3.89792,-1.59261,0.07045,3.55561,2
0502_13_3,17.463,-0.32532,-4.03853,-1.70976,-0.06423,3.21677,2
0502_13_3,17.629,-0.51563,-4.1577,-1.83559,-0.19069,2.91996,2
0502_13_3,17.794,-0.70486,-4.28502,-1.9603,-0.31404,2.66273,2
0502_13_3,17.96,-0.87812,-4.40569,-2.07857,-0.42405,2.60545,2
0502_13_3,18.125,-1.03324,-4.5045,-2.20418,-0.52429,2.26793,2
0502_13_3,18.291,-1.16233,-4.61038,-2.31377,-0.6203,2.04454,2
0502_13_3,18.458,-1.28836,-4.6989,-2.41737,-0.71543,1.80921,2
0502_13_3,18.623,-1.40991,-4.77928,-2.50651,-0.80277,1.60242,2
0502_13_3,18.788,-1.52212,-4.83307,-2.59877,-0.88967,1.5093,2
0502_13_3,18.954,-1.63666,-4.86501,-2.6957,-0.96835,1.27309,2
0502_13_3,19.12,-1.73792,-4.9336,-2.7824,-1.04747,1.09238,2
0502_13_3,19.285,-1.83523,-4.9904,-2.87443,-1.12259,0.8774,2
0502_13_3,19.452,-1.93164,-5.06692,-2.95691,-1.19727,0.72457,2
0502_13_3,19.617,-2.02213,-5.12029,-3.03716,-1.26505,0.85551,2
0502_13_3,19.783,-2.09987,-5.17623,-3.1063,-1.33106,0.59142,2
0502_13_3,19.95,-2.1794,-5.24203,-3.1741,-1.39618,0.4711,2
0502_13_3,20.116,-2.26648,-5.29347,-3.24257,-1.46286,0.31783,2
0502_13_3,20.282,-2.34296,-5.34491,-3.30304,-1.52575,0.19242,2
0502_13_3,20.447,-2.41909,-5.40171,-3.35884,-1.58309,0.3092,2
0502_13_3,20.613,-2.48498,-5.44693,-3.41553,-1.64443,0.06746,2
0502_13_3,20.781,-2.5629,-5.48959,-3.47244,-1.70266,-0.08471,2
0502_13_3,20.947,-2.62627,-5.54146,-3.52068,-1.76334,-0.21166,2
0502_13_3,21.112,-2.70401,-5.60104,-3.57114,-1.82201,-0.3342,2
0502_13_3,21.278,-2.7787,-5.6482,-3.61449,-1.87424,-0.10086,2
0502_13_3,21.444,-2.85213,-5.68635,-3.66007,-1.92892,-0.33353,2
0502_13_3,21.609,-2.90492,-5.74358,-3.68985,-1.97914,-0.41979,2
0502_14_1,0.246,-0.09981,-0.1263,-0.12799,-0.09051,-0.18094,0
0502_14_1,0.412,-0.21505,-0.21182,-0.21531,-0.16873,-0.24093,0
0502_14_1,0.578,-0.31365,-0.30103,-0.29725,-0.24094,-0.32602,0
0502_14_1,0.744,-0.40075,-0.36076,-0.25119,-0.30137,-0.28276,0
0502_14_1,0.91,-0.47969,-0.41865,-0.33313,-0.35735,0.06477,0
0502_14_1,1.075,-0.53565,-0.46417,-0.42853,-0.40941,0.07147,0
0502_14_1,1.241,-0.6031,-0.52285,-0.49611,-0.44577,0.09609,0
0502_14_1,1.406,-0.67175,-0.55627,-0.56429,-0.49312,0.01195,0
0502_14_1,1.571,-0.73376,-0.6181,-0.61543,-0.54466,0.12692,0
0502_14_1,1.736,-0.78699,-0.66231,-0.67852,-0.59776,0.0839,0
0502_14_1,1.902,-0.85232,-0.72625,-0.71411,-0.65872,0.02295,0
0502_14_1,2.067,-0.90646,-0.76204,-0.77063,-0.69822,-0.1219,0
0502_14_1,2.232,-0.96574,-0.81651,-0.82027,-0.75996,-0.09943,0
0502_14_1,2.398,-1.02684,-0.86492,-0.87858,-0.82431,-0.33296,0
0502_14_1,2.563,-1.09096,-0.91518,-0.93301,-0.87376,-0.30834,0
0502_14_1,2.729,-1.14691,-0.95465,-1.00897,-0.92477,-0.50386,0
0502_14_1,2.894,-1.19016,-0.90202,-1.05472,-0.95982,-0.35925,0
0502_14_1,3.059,-1.23916,-0.94913,-1.12111,-1.00953,-0.4833,0
0502_14_1,3.224,-1.27122,-0.98412,-1.1546,-1.06394,-0.48641,0
0502_14_1,3.39,-1.32718,-1.01859,-1.19856,-1.11129,-0.53373,0
0502_14_1,3.556,-1.38101,-1.0578,-1.24282,-1.15079,-0.58632,0
0502_14_1,3.722,-1.42699,-1.10595,-1.30502,-1.18742,-0.55859,0
0502_14_1,3.888,-1.4899,-1.10174,-1.35346,-1.23084,-0.61835,0
0502_14_1,4.053,-1.5519,-1.14095,-1.42374,-1.27767,-0.54114,0
0502_14_1,4.219,-1.60967,-1.19331,-1.46141,-1.30488,-0.6738,0
0502_14_1,4.384,-1.67318,-1.23857,-1.51704,-1.34098,-0.72925,0
0502_14_1,4.55,-1.72581,-1.27357,-1.56309,-1.38571,-0.88151,0
0502_14_1,4.715,-1.77844,-1.2891,-1.62379,-1.43359,-0.9427,0
0502_14_1,4.881,-1.82865,-1.33304,-1.67403,-1.48172,-1.06508,0
0502_14_1,5.046,-1.89005,-1.39698,-1.73085,-1.49689,0.04016,0
0502_14_1,5.211,0.09558,-0.18893,-0.45664,0.02904,0.38697,0
0502_14_1,5.379,2.04369,-1.4675,0.02004,0.90201,0.11258,0
0502_14_1,5.544,0.92551,-2.29453,-1.2479,0.68933,0.28921,0
0502_14_1,5.71,0.25618,-3.08315,-2.2766,0.32674,-1.02779,0
0502_14_1,5.874,-0.93126,-3.73572,-2.68629,0.09444,-1.67386,0
0502_14_1,6.04,-1.52438,-4.11463,-3.06697,-0.08816,-2.06323,2
0502_14_1,6.205,-1.88158,-4.38803,-3.26523,-0.2344,-2.51904,2
0502_14_1,6.371,-2.14713,-4.57643,-3.44705,-0.35447,-2.97605,2
0502_14_1,6.537,-2.39394,-4.76063,-3.62946,-0.46016,-3.3286,2
0502_14_1,6.702,-2.59477,-4.93298,-3.7748,-0.55408,-3.59798,2
0502_14_1,6.868,-2.75416,-5.06507,-3.89322,-0.64564,-3.83867,2
0502_14_1,7.033,-2.89027,-5.19269,-4.0224,-0.72621,-4.04996,2
0502_14_1,7.199,-3.0176,-5.30768,-4.14501,-0.79632,-4.24453,2
0502_14_1,7.364,-3.13919,-5.40057,-4.23203,-0.86303,-4.41543,2
0502_14_1,7.53,-3.25563,-5.48846,-4.32713,-0.92712,-4.55119,2
0502_14_1,7.696,-3.35726,-5.57082,-4.41295,-0.98703,-4.70823,2
0502_14_1,7.862,-3.45495,-5.64449,-4.49549,-1.04354,-4.87482,2
0502_14_1,8.028,-3.54145,-5.70975,-4.56487,-1.09586,-4.99027,2
0502_14_1,8.193,-3.62523,-5.77554,-4.62587,-1.14818,-5.11313,2
0502_14_1,8.359,-3.70236,-5.83632,-4.68777,-1.19684,-5.2563,2
0502_14_1,8.524,-3.77828,-5.89789,-4.75117,-1.24549,-5.41382,2
0502_14_1,8.69,-3.84845,-5.9571,-4.802,-1.28604,-5.56129,2
0502_14_1,8.857,-3.91257,-6.00525,-4.82802,-1.33104,-5.682,2
0502_14_1,9.023,-3.97275,-6.04788,-4.90368,-1.36348,-5.78764,2
0502_14_1,9.188,-4.02659,-6.09893,-4.96558,-1.40246,-5.90166,2
0502_14_1,9.354,-4.07831,-6.14445,-5.01133,-1.43882,-6.00515,2
0502_14_1,9.52,-4.13669,-6.17576,-5.05619,-1.47544,-6.08283,2
0502_14_1,9.685,-4.19415,-6.22602,-5.10075,-1.51181,-6.17462,2
0502_14_1,9.851,-4.24255,-6.27181,-5.15308,-1.54817,-6.24943,2
0502_14_1,10.017,-4.28489,-6.31338,-5.20033,-1.58035,-6.37085,2
0502_14_1,10.183,-4.33752,-6.35733,-5.25386,-1.60965,-6.44065,2
0502_14_1,10.348,-4.37653,-6.39048,-5.28974,-1.64653,-6.54128,2
0502_14_1,10.515,-4.43128,-6.43574,-5.33131,-1.67845,-6.63975,2
0502_14_1,10.68,-4.48028,-6.47995,-5.37796,-1.71324,-6.74922,2
0502_14_1,10.847,-4.52837,-6.51836,-5.40906,-1.74045,-6.82667,2
0502_14_1,11.013,-4.56587,-6.54468,-5.44405,-1.76844,-6.88881,2
0502_14_1,11.178,-4.60186,-6.60073,-5.46647,-1.79486,-6.9641,2
0502_14_1,11.344,-4.60337,-6.64283,-5.47335,-1.82468,-7.0382,2
0502_14_1,11.509,-4.64542,-6.68782,-5.50744,-1.85215,-7.13524,2
0502_14_1,11.675,-4.68776,-6.73334,-5.53944,-1.877,-7.16321,2
0502_14_1,11.84,-4.76519,-6.77439,-5.56785,-1.90055,-7.22153,2
0502_14_1,12.006,-4.80451,-6.82465,-5.59506,-1.92985,-7.29419,2
0502_14_1,12.171,-4.83596,-6.87017,-5.63184,-1.95732,-7.37737,2
0502_14_1,12.337,-4.87317,-6.91359,-5.70092,-1.98452,-7.46772,2
0502_14_1,12.503,-4.92005,-6.94438,-5.75176,-2.01199,-7.51815,2
0502_14_1,12.668,-4.96178,-6.99095,-5.78256,-2.04286,-7.58843,2
0502_14_1,12.834,-5.00201,-7.02884,-5.82562,-2.07556,-7.66802,2
0502_14_1,12.999,-5.04405,-7.0641,-5.863,-2.10277,-7.76076,2
0502_14_1,13.165,-5.08035,-7.09463,-5.89919,-2.12788,-7.80546,2
0502_14_1,13.33,-5.11362,-7.12489,-5.90666,-2.15927,-7.87716,2
0502_14_1,13.496,-5.14538,-7.15857,-5.91235,-2.18596,-7.94218,2
0502_14_1,13.661,-5.17925,-7.19672,-5.95391,-2.21133,-8.02416,2
0502_14_1,13.828,-5.21071,-7.21725,-5.96378,-2.23828,-8.07698,2
0502_14_1,13.994,-5.25063,-7.25251,-5.99937,-2.26261,-8.12503,2
0502_14_1,14.159,-5.28692,-7.28487,-6.03734,-2.28981,-8.18789,2
0502_14_1,14.326,-5.31687,-7.32382,-6.06874,-2.31153,-8.2498,2
0502_14_1,14.492,-5.34802,-7.3575,-6.10343,-2.33481,-8.30955,2
0502_14_1,14.659,-5.38401,-7.38223,-6.13633,-2.35417,-8.34779,2
0502_14_1,14.825,-5.38946,-7.41171,-6.11569,-2.37798,-8.39871,2
0502_14_1,14.991,-5.4442,-7.44591,-6.1752,-2.39838,-8.4532,2
0502_14_1,15.156,-5.48776,-7.47696,-6.20421,-2.41669,-8.52061,2
0502_14_1,15.322,-5.51104,-7.50775,-6.20271,-2.43657,-8.62291,2
0502_14_1,15.489,-4.94606,-6.45916,-3.73054,-2.23566,-8.40492,2
0502_14_1,15.655,-3.96338,-4.06385,-2.87648,-2.49936,-6.32257,2
0502_14_1,15.822,-3.49881,-3.35417,0.04605,-2.30499,-2.26281,2
0502_14_1,15.988,0.16665,-0.97281,1.63097,-0.84472,9.85601,2
0502_14_1,16.155,0.34782,1.30462,1.6546,-0.22367,13.8718,2
0502_14_1,16.32,-0.35569,3.37443,1.07146,-0.32073,13.53741,0
0502_14_1,16.486,-1.00566,3.62915,0.65012,-0.41883,13.58378,0
0502_14_1,16.651,-1.38434,4.0799,0.32715,-0.53707,13.13203,0
0502_14_1,16.818,-1.58124,3.52074,0.05413,-0.69142,12.4415,0
0502_14_1,16.984,-1.81322,3.29076,-0.22129,-0.82457,12.27586,0
0502_14_1,17.15,-2.03976,3.26181,-0.43869,-0.93235,12.37027,0
0502_14_1,17.317,-2.21972,3.1805,-0.68122,-1.04144,12.0354,0
0502_14_1,17.482,-2.38607,2.87106,-0.84629,-1.1555,11.39077,0
0502_14_1,17.649,-2.56876,2.75554,-1.02152,-1.24105,11.12115,0
0502_14_1,17.815,-2.63106,2.61529,-1.11483,-1.32607,11.31786,0
0502_14_1,17.981,-2.82977,2.42584,-1.25956,-1.4485,10.86277,0
0502_14_1,18.147,-2.95197,2.25401,-1.35047,-1.54686,10.6835,0
0502_14_1,18.312,-2.34403,2.1706,-1.13187,-1.60206,10.71553,0
0502_14_1,18.478,-2.79227,1.97482,-1.34419,-1.70121,10.28099,0
0502_14_1,18.643,-3.11287,1.79089,-1.48145,-1.79852,9.94804,0
0502_14_1,18.809,-3.27317,1.64196,-1.58851,-1.88852,9.71356,0
0502_14_1,18.974,-3.40898,1.49776,-1.6534,-1.97118,9.45303,0
0502_14_1,19.14,-3.27983,1.42198,-1.69796,-2.0303,9.34475,0
0502_14_1,19.306,-3.61102,1.28988,-1.81757,-2.11166,9.06438,0
0502_14_1,19.472,-3.74984,1.17174,-1.91506,-2.18727,8.86742,0
0502_14_1,19.637,-3.84572,1.04859,-1.97756,-2.25398,8.68434,0
0502_14_1,19.803,-3.93102,0.93939,-2.04694,-2.32435,8.53686,0
0502_14_1,19.969,-4.00693,0.83519,-2.09179,-2.38059,8.36644,0
0502_14_1,20.134,-4.07015,0.7252,-2.14771,-2.44756,8.24525,0
0502_14_1,20.3,-4.13608,0.63205,-2.19167,-2.50145,8.25529,0
0502_14_1,20.465,-4.1875,0.54785,-2.23563,-2.56162,8.26366,0
0502_14_1,20.632,-4.23166,0.48969,-2.29155,-2.60557,8.15682,0
0502_14_1,20.797,-4.28247,0.38497,-2.3382,-2.65684,7.90274,0
0502_14_1,20.964,-4.3475,0.30129,-2.50148,-2.70681,7.63432,0
0502_14_1,21.129,-4.37865,0.1934,-2.56996,-2.76253,7.46892,0
0502_14_1,21.295,-4.45547,0.11104,-2.64652,-2.82035,7.31833,0
0502_14_1,21.462,-4.51778,0.02395,-2.69526,-2.86587,7.24352,0
0502_14_1,21.627,-4.58039,-0.04342,-2.75985,-2.91348,7.16488,0
0502_14_1,21.794,-4.63906,-0.10552,-2.80112,-2.9365,7.73996,0
